UserId,
A39HTATAQ9V7YF,
A3JM6GV9MNOF9X,
A1Z513UWSAAO0F,
A1WMRR494NWEWV,
A3IAAVS479H7M7,
AKJHHD5VEH7VG,
A1BG8QW55XHN6U,
A22VW0P4VZHDE3,
A3V3RE4132GKRO,
A327B0I7CYTEJC,
A1BG8QW55XHN6U,
AIFAAVTUYHEHB,
AVOGV98AYOFG2,
A22VW0P4VZHDE3,
AVOGV98AYOFG2,
A6R426V4J7AOM,
A22VW0P4VZHDE3,
AKGB62WGF35J8,
A22VW0P4VZHDE3,
A1BG8QW55XHN6U,
A1BG8QW55XHN6U,
A22VW0P4VZHDE3,
A22VW0P4VZHDE3,
A3A4C2K3TWDAO5,
A3FV2Q7WPZMQPV,
A22VW0P4VZHDE3,
A1RXI3A1E99112,
A26QL1FBQO9C0E,
A19KEEVZYO1KO6,
A1F6HRR58TQ2R0,
AVQP6PO1NK0IJ,
A32IWHU4TUEQZR,
ASPJCWRXUOYYY,
A1LAW520BT5AM0,
A3SWQ2QQ7JBPFA,
A2D7CPCZH5VFVZ,
A274NIJWOQWE30,
A2OMU0R0VM5O9I,
A2YFDS6DYGFLVQ,
AKA7T9TPISJ26,
AN33X95J5460X,
A2UEOW698J0SSR,
A22ZFXQE8AWPEP,
A6R426V4J7AOM,
A9ZNJ2AXPO652,
A169NC0ZW6XKRD,
AZWRTJPN7NXT,
A22ZFXQE8AWPEP,
AH344ZAN5GNOM,
A1YQUT1H2ENJ8U,
A22VW0P4VZHDE3,
A6R426V4J7AOM,
A22ZFXQE8AWPEP,
A6R426V4J7AOM,
A3C744AK5A6MMI,
A2H6SFTV2892Z8,
A225CH9TTQPC4B,
A2F6NPTGDMFXN9,
A2H6SFTV2892Z8,
A1DC0DSF3H3BCW,
A3TR91FJ4MNFY9,
A22ZFXQE8AWPEP,
A3IANSH41YHFP1,
A2NRG4NQMLHDJQ,
A6R426V4J7AOM,
A2H6SFTV2892Z8,
A22ZFXQE8AWPEP,
A32G79IU2NJ2HS,
A2H6SFTV2892Z8,
A3L2VTHD6W1E2Z,
A3L2VTHD6W1E2Z,
A1BG8QW55XHN6U,
A2H6SFTV2892Z8,
A22VW0P4VZHDE3,
A2H6SFTV2892Z8,
A6R426V4J7AOM,
A15THVWZS6GQZY,
A1BG8QW55XHN6U,
A2H6SFTV2892Z8,
A1VCW66KPTNUV8,
AO5JB67V93FBL,
A1GWD6BDCLGC82,
AJ85OD05LNNUY,
A1E5CS6UI1LWQF,
A1SWCNGOR3GMOQ,
A1BG8QW55XHN6U,
A22ZFXQE8AWPEP,
A22ZFXQE8AWPEP,
A2IOZRH02O4C9S,
A2H6SFTV2892Z8,
A1RGXKJ4RFIOCX,
A11OEJ4R1PDTLN,
A22ZFXQE8AWPEP,
A1BG8QW55XHN6U,
A1BG8QW55XHN6U,
A1BG8QW55XHN6U,
A1BG8QW55XHN6U,
A6R426V4J7AOM,
A1BG8QW55XHN6U,
AZ4FR14IPKML7,
A251DS38L87XWF,
A1BG8QW55XHN6U,
A22ZFXQE8AWPEP,
A1Z03R982SX8V2,
A1ZY0K46FYOTB6,
A3MAATZ091QZGE,
A35XCJ5P6ZKRE9,
A2B3YKKXVN28TW,
A2RDR51FRB58LD,
A2MSCG0YX85RL4,
A2P8AUMTM6O605,
A3SN6TKIXQI7RP,
A1MLJHYS35C4X6,
A2FTLN4PYZE7S6,
ATPHIBSTV1NY5,
A1QWS6V26JZ5OX,
A1VK4ALI1QOF5U,
A1GIXQUBPA0DPT,
A22L53OZ7IDQX3,
AAOU507M8SF9E,
A2DIOCFQZQFD9O,
A17Z7DO3IFHZOE,
A120LZ9VNR3YI0,
A39QH03VD9U048,
A95YCV8FK2LCM,
AP57TEKK91CIM,
A3OQ3FVYBU7SBD,
A2GDJP70RVLDKY,
A2BQ8DVGEGWAFY,
A2A0EW34FZH9Z7,
A1D6UAVLQUS41B,
A2VRUBSVHDDOU9,
A276N142RFK6EF,
A2HNQ3JHXDSVMW,
ADURH4ZDRMZV6,
AXVLSEEYTC4Z9,
AGGXC77INUISD,
A10REFE1TW3ZVT,
A3M7ROZKQW6F69,
A271KYL82709TY,
A1OON4OPP58E26,
A3COLQK8Y9V9A5,
A28H0PAQPYKN94,
AYI1LDJYGG0ZK,
A3T5EYVSBN3QQX,
A3E4N6O6WC8LEX,
A30IURTQM5NNA4,
A100GYE1W4OXZ8,
A1ZWS1H6H06Y2J,
A3BMQUL5QATQIW,
AI5JNFT6YBQQY,
A2H79ANDK766S1,
A3LO1A9N0F0TXE,
A2JYNUBR7H2W41,
A2O9UKJ2FR0GZ4,
A1O5Z4ZKPMHORQ,
A366PG2T9L9VSW,
A11AT6B3912DCU,
A2RCLQ2PS3PN8H,
A445U3NN5XBYK,
A3GAMJUEB4A4J9,
A7BCFTL2PU1NZ,
A87X19PQJFYFA,
A2F5SHIP4HF9,
A305WEYT5UZKCZ,
A2E8U0H25VGG3O,
A2S1HDSZ0OGW1M,
AFRE5F3MKUKME,
A11Q1HQ84F8POH,
A2CCV112TWLK7A,
A2099WPFJKJKZC,
A1T8YQ4FFMWQPC,
AZLE2XFH3JUNG,
A99JEK1Z8S1T0,
A2OCBW6UQ8GS7L,
AI6IXAB24N30W,
AZLE2XFH3JUNG,
A2GPHFP5QKF0CO,
A2ZZ26N7K9BSFB,
A1MID7V80H36FX,
A10ZKDOZOSH219,
A1CNSLLYW5A8YB,
ARUSOE3CJ7TNF,
A2Z9QP4MZ2HXCZ,
ACZ94JB8BFMJ9,
A36ZKFLSDE8WX5,
AVCSVH9L0BPIF,
A2VF4TALLW8G9,
A3UFMKLD77O21S,
A1QPQIJVS0JC5Y,
A2UQZD76FKVQ6D,
A1LNS0V7YBBJJE,
A3B0M39TDARC6X,
A1ZNOA9OHWIVMH,
A15ELVI3I6G1SQ,
A35ELDPD0N7T0U,
A1B07LXV78TWZ,
A29LZJWIY7KJZR,
A13IIHXY0QX4Y4,
A1AM400PUH70WO,
A18X2IP46I5JB8,
A2DT0SAXS5DIL8,
A29AQSCFQ1OZ9R,
A225BCNNIG03JT,
A3590W7FEAGQY4,
A1U6E8IJEATCYM,
A1X1X91COEBHVI,
A2RNK4TW1FPXEF,
AYHZNXRPOHMO2,
A3NIHH9X6L3RRM,
A1UDWB8WFFGN55,
A20LFHVP5CMQ1,
A16495HOSCEV0N,
A22ET3HEUN5JNP,
A1NNJ0MNFIF3Z8,
A2C55XULIQ3F8I,
AOJRTF5PJMIR6,
ACUB5EB5F72B9,
A1XD9BN1CBR8U4,
A2K18LH5HC6K9B,
A38JQUXZTKKHQP,
A1QMSSMUBUXX5S,
A3VUS3HC1CCVOQ,
A19VNE2EF1QYNE,
A1L8MP88Q3DXXJ,
AEPAHTOT8YT04,
AM0RSD59GI2IK,
A2XYBHUJ7E1QDR,
A39GFZUNMWJ44J,
AEWKMTITVR260,
A1C4OJZCDI8LN3,
ACZBT8YQ2TYOY,
A24662VRPFY4YK,
A3S87ZOPB3UM9N,
A18CAHNYYC8AA3,
AGXDI4U7PAUGZ,
ADZZCC6UUMA0N,
A1F4CQTUN5WTEA,
AQFATFCB1HBG3,
ASPRENFTOYHO0,
A2DOQ89OLXNHNL,
A1IFYKTMBOTBP7,
A364UC5PLUM8M3,
AC4343QXC1BCQ,
A7SVI5Q1WC3UP,
A28UWG41MHTXGC,
A2EH8T3LQS6EET,
A1HBQHOWMXOLBM,
A1MOOCFYF4BW9F,
A31J5P90FNANXZ,
A34LP4FWKYTHB5,
A328DC9RTOA5WS,
A8R89360S6RZ3,
A1B9XPHEGQ986Y,
ABKY0V59DOJ5Y,
A3DHGDJ779MMSD,
AH9GYBKL6KJOF,
A2Z1MC0VM2SCZ7,
AWL41OE56O3O3,
A3AOPVHGVIEHFK,
A1G8D0R2YLCJPR,
A1E5TTW0XXZIE7,
AV434O5MUBGN5,
A1CT0SH9XKNIDY,
A1FGEAEGWVYJ2I,
A2WDW3VRWKRRWV,
A86RECWKC0IKS,
A2GMXV65XFTCR6,
A2TSBFY4ZZIMXW,
AGQ844D0UXGBF,
A3E13GVY40E6T5,
A1E09RWAID7HCH,
A2ME4DLS0Q488W,
A2HZV40RNSZ381,
AS498SIPUF2PU,
AL4XKV2S6IXQS,
A138ATFNJU102C,
A1B0Q1X54GILZP,
A22HDI6Y0ERZLN,
A3SK4E6TWXE367,
A3CHPIP8HRFNC8,
A1GIGGY4X47QMA,
A3V6ZQWSMLRXEJ,
A38L32Q21P5T95,
A3BWP3PY4IUMTH,
A1NRLEB0KOB65O,
A3UQXZCB1CXFNL,
A3T58OUIBEL24K,
A3AAAZ446W2B3B,
A38L32Q21P5T95,
A3ILSW0GC00YY,
A1NRLEB0KOB65O,
A38L32Q21P5T95,
AJ8114KFKVCHX,
ANLSZ40VRRB21,
A2U1PYP2Q7BUB2,
A024581134CV80ZBLIZTZ,
ABLW2M2R7VQIA,
A294IJJRMVOBSE,
A3FPJWX0GHJCCG,
A5UQ98GXX7T47,
A13G2YWZQ3522K,
A1Q3W2FX8LKH19,
A13UXDADSBZ0NV,
AY25UTTDNJ5SX,
A2W470AYOQCZZ9,
A95LEWENLGMHH,
A30HUW0YSPL6N,
A9E7CTWB6KFTK,
A3MNCA0VED4SQD,
A1GLIRME0V0J4Z,
A20BE32WVZFXAF,
AYFZQPNEVSFMD,
A3FNVF412991A6,
A37KZTDCHTQMU0,
A3TDS7PK6K3TY1,
A3UX3UDVQ9OHLI,
ABVND860D55AJ,
A26TLFFBFPEOKJ,
A2Q8QWVIZM213M,
A3C5DYTUXUCL0S,
A3DNSZT2HIB30J,
AA0ACUPEPT1RN,
A16UTJN8DODY6N,
ACB9GSMY2GY0O,
ANNS6DSY390Z2,
A39SBRLJ1EQX1R,
A3A2HRW0GR4EWU,
A2H3NOCLLEPOKQ,
A1JM3NL9GSQ17N,
A2P0254ZZ42ZOJ,
A2686J58T322ZS,
A7DS7JE3D53XW,
A267CAHUU3HOPQ,
A30CAUEGZO0DO6,
A249F9ZBJ3ZDIA,
A9AZG7UY7VT89,
A05492663T95KW63BR75K,
A2LRQ8GV6PZMHX,
A2B3FQVNDDT4PF,
A1YJEY40YUW4SE,
AS5RB0XRDQZCS,
A6SS3B6BFQ5KX,
A293VWKAL1RWBG,
ABPIQZ23IBOJ,
A2DQ8W8ON2QZD3,
A18S7SDS6HJ4LA,
A60XNB876KYML,
A2U7D909NH8L0U,
A3G6XNM240RMWA,
A00205921JHJK5X9LNP42,
A1SXKLV75ZL6DM,
A3CI83124O6ZP1,
AYM7E80UCJX7I,
AIPOM0VDQ2SN3,
A1QY7B8PEZDTDZ,
A187IEMZIHO4UU,
A4R3YZHWJSWHU,
AO4WIKXQZJDQE,
A1R3PGXKL7EZSJ,
A1PQFP6SAJ6D80,
A38FVHZTNQ271F,
A11PBM6FRXUJ5Q,
A1GX3Y7VXYG6TH,
A3S0E0QE8XYMAK,
A2FHYMW4OA53N1,
AFY6ZIQXMLGR3,
A3BTN14HIZET6Z,
A2T0H00MMGU7LZ,
A1Z59RFKN0M5QL,
AWUO9P6PL1SY8,
A6P7VX90EVIKI,
A1CWY4G16721R2,
A1X2OY7Y2J6LO1,
A2KF5WHTOADF85,
A1SNMU6VFTJKQI,
A25K4CSIYN1OLB,
A2EUU17DUVWII9,
A2D0IC8KRJHG3F,
A1S8PWBOOL44SM,
A27M7DNCKQ6D5Y,
A3MUOZ4MPR1EA6,
AAYYLJOCG88F4,
A37JSWUOEQC89O,
A3GVNPYMG6ON95,
AW4GGNNHDM937,
AR9GA6ULUK1AC,
A2JB80MHMU6O3I,
A2NOM3LJVRKWTJ,
A1L7J1U5Y2RECB,
AN0CUE13AJLEW,
A1PZ2ORQU247JZ,
A1BXLQFDJII0ZE,
AAIGQYAH5WNSU,
A57JZDRIKHEMC,
A22PDHKTMOUKKS,
A33A728PP859Y5,
A1JBLH8S6DLCL1,
AK7O6VOOXQBYQ,
A3I6P2NU6726XG,
A25GW5G5GQVKB0,
A1LL4WRN7OBRW8,
AOJ5TYNLD4G68,
A17U6P3YQISHYH,
A4GKGUD4TIFL,
A7O67Z6ZAYN8B,
A2VHK6MXXTR6FD,
AXG1D956QCMHI,
ATWTNXM6WNV5N,
A32O109KR1IFX7,
A1BW4LQY9U32PC,
A8FPPXG1OEZ77,
A37E33Y5A3RFYG,
A3KJ9MA7I7S4IC,
A4ZAYGW831ZGI,
A2AYT9K7UK7R68,
A1OXSFS5ZDY7NP,
A3AI3DJQ8NI1UX,
A22P8CW9NVJ49H,
A3SP22BU1008GV,
AFQO7NSU6OSGH,
AX43HESIL985S,
APULYOSZS226A,
A2X0OUA7W3HNZI,
A2WE4LU82W1U1L,
A1WSGOA6S3U9OC,
A1UUX9VH9XXX0B,
AHVY2JTMYHWYA,
A2BXY2QG6XXZQR,
A37860PZPUUY1V,
AY3F1CVHTNVBU,
A4J7EDWN32459,
AZGGH4GS18RUN,
A3HGJM50RTYPGQ,
A1GYOSEAJ5EEK1,
AGP8NQ1MCH0A,
A12K9YFOYOXHAJ,
A3NR9WJZCAKB40,
A1ZOGA1A495OHV,
A264BXIV14DIWA,
A2YWHJXGR6R00D,
A2ETF4N62SFLOJ,
AQXX46012LVOT,
A2WZYYQDFVZDZ7,
A2C1VR841W5BHI,
ATZVCICY66PXZ,
AGR6NXP9R8D66,
A18DY88WBTDFIF,
A1AUDV6O35S9DS,
A2RGINT43SUQ49,
A3Q1XK4NGQJGHF,
AASZF2ULVECTD,
A1SGXQTDZ6BJNH,
A12377XOL83LBK,
A1V3QKA6RZE4Z9,
A35QQ9Z0YSBPUR,
A25IZEM9CGLBB,
A22ZS7VGA34SM4,
A3RZB4IQ17Y7VX,
A2FSA9BJC7O7X7,
A173D8H9C18PCI,
A2SBLI6XGBI1GK,
A7LEHTDY7Z1PD,
A8WHCF3SY0L15,
AXH81K09PSKLL,
A2PZ830VJ2GZEZ,
A1OVF6WMXX9CBS,
A3E60CSK5WW8BQ,
A319PGL9XMNT6A,
A2JPOCC17QIOUI,
A1DPSUISPJG4K6,
APKFDTZU2MX0K,
A1H549TTDWKPCK,
AF7UW6L8OIKS7,
A11J7PLZJ99M7O,
AWQNOD7X9273P,
A3RCCDL4Y1XZDJ,
A10205RFE66H1R,
A36NPWR62GGB90,
AU5Z287G31579,
A3QKZZ3Y3FM21N,
A1JLP1MLTJZPJ7,
A123AJQJYJY5Z5,
A1J3YHEET4SV5G,
A185Q4S3NFOUOZ,
A2B4MXLEP42IQH,
A189H8NPEQN58F,
A1R2MKM2YT5ND0,
A23UV2QRYP8PX4,
A1N9AIQ75P3J5W,
A18U3OPGXGQSMO,
A147FGQTHCMO6R,
AWM0V317JA4X5,
A1B2BDWB519WIW,
AVIFRWR2YKO73,
A11V6R6WZ5ZQV2,
A14IT4G4FZFEP6,
A2E2FYUPAO2M0R,
A2WTWKGP9WES1Q,
A3D0SBB68TTET,
AL74FP10LMX8Y,
AYTK85H56WQ5F,
A18M9192WX98HP,
A13W8KHF7Y1S51,
A2OP35XWVTJYDK,
A2P5RDTIGF6XRO,
A2KG1LYT548UFB,
A1JKZAOB9S4DF2,
A2ZMU9L93JSFSR,
A3GDBKK2C9PXFS,
AMQDTJZRXBPCR,
AWYRXPZS8TRGJ,
A2T4Y9EBPRLWB0,
A27TQSFIAZX3ET,
A2W26TXNIF6OFH,
A1TKC6GRRBJA4T,
A1TNQ0QMWCUBCL,
ALKCBFG5L6FCJ,
A31A7SV73QLTZS,
AL4QPSP65J7IE,
A3VJPW9T8D6P4Q,
A1KEESMVTONAGJ,
AKYM22HHJ4576,
A2UW1YLL8TKAVZ,
A3QJSZDRC4DXB9,
AVISXECDOZRGQ,
A1BFS260JO9TZJ,
A2T63MAMWZQ46C,
A16JWRFT5IHYRA,
A2FBYXWTRB3TN3,
A2ML3OG7R68XFP,
A1EGRLCSMRGOOX,
A22FYS1K1E18ET,
AF508G9N8T5OY,
A2VB5TIINLFO7B,
A1HB4DFQC6ZGHW,
A104D62WJII6KP,
A1OVF6WMXX9CBS,
A5ZBX8PFDNIKE,
A2Z53Z2IXPFE4A,
A1BT4VX5UXV2P9,
A23I9CZ4MCWD7G,
AUL78LW1ZS9EW,
AA51P4U4RMPQE,
A3UW44EC9K7SP2,
A3GPN4M7QLFT2L,
A15HBNI7E4H4I2,
AFD1XMFDOUYW8,
A3CGZE3WU9FFML,
A2LR2XYBPSDPS,
A72QEHDVRNTBC,
ABODWS6KT9V1W,
AL7CQDK6QOGNF,
A26SAG6L9SBH08,
A31TGG4GXEBG0Q,
A13RB9IGV06SRF,
A31H6EDAGQ4N52,
A6CGFXIVJNRG0,
A3UZ13EXH4MO9D,
A1IJO0HZ1ONCWH,
A1UXVUM6G2H7D6,
AEU1BMGTLIUNO,
A328HZ1HAUPEY9,
A3G5CK0SAWTMK6,
A25PEHBZLLHTTF,
A3A36DP9IJPRPF,
A108HJD2ESJXUY,
A2Z3DE1JHTWYQX,
A32ZF8TRWMR1B9,
A224SVFBOORJRM,
A2T7A5AIJI9CCF,
A1296LFHAMDOYP,
A77EO8HXDT3II,
A36M0NAGBV38SU,
A3LMILRM9OC3SA,
A1ZEFDGH5VS0EQ,
AQZ2MQC5NXN9,
A2K8K9WVD7FNMG,
A1E6KFB5MUA6JD,
A3AVQBR7HHOE1X,
A30IP88QK3YUIO,
A23JG9NJNQ3WXO,
A3437C79W6IORP,
A2RDQX62GRK6SU,
APBQH4BS48CQO,
A2T5IANBMPPQQ7,
A3FE8W8UV95U6B,
A3DG2I5KGLK73K,
A4QK28MB0Y8R8,
A2550BO5C6CC4O,
A126J8DRHTQBT0,
A30NKV5H3TPHIT,
A1EVGDOTGFZOSS,
AJAT0Z7G78AKG,
AP5WTCMP6DTRV,
A21IM16PQWKVO5,
A1TLDR1V4O48PK,
A2PHMQ53HYJX5E,
A2W5CUXW018S4X,
A3VCJ1D1Z4J8W,
A29WF3KXZ6C1OD,
AY4CBEDCI5Y2V,
A21E3CB2A1B149,
A3ON6E699JT6CE,
A2ONROQ0ITT7HX,
A1O2WUVJ9OKUTO,
A6F8KH0J1AVYA,
A2MMRRW7920RM,
AXPKZA7UZXKTT,
A25PW8VQJ611EA,
A1ZLDDN5J9CFIO,
A3VJUKZWK13TRI,
AB4OYPWGHYAPO,
A2SIAYDK7GG7QA,
A1JCFYU0BE7XTI,
A3G5OBREQKB7FR,
A2K8SAFPHOJSG9,
A3GJFDRP3Q8GV5,
A1B9QR40IL84M4,
A1ONB0P2P4V81E,
A34EQAIKKUWYYW,
A1B93VD33V6JGK,
A1HGNPI5XWPA5C,
AABAFCMZHEO1U,
A3KK59I1TY3MRB,
A3UQXHI88S7XAX,
ATLDUADWJMTT0,
AUM9K0KZGK653,
A3I1F82WEKU6PG,
A2Y4DGV80FJKWD,
A9ZWBJK55DLZ9,
A3BKEDXQG5HLRR,
A3HMLMXJ5YQURK,
A3UTG1EE19J916,
ADWMDQ9CFNTA1,
A39J2GNAMPZF2W,
AAGYIGVSH2MIX,
A36F3MHL9JD8ET,
AWHWO1LUI8J1X,
A2XTD715SMBVX3,
A1RON1NZIGQNBO,
A2LWZYTCZ9IDRV,
A2MD9XAN2I6SE5,
AA394CGT3GNYH,
A9MYCYZT8EMMX,
A33WIH2J5U3UXL,
ATX9OC5P7XBM0,
A1XQFWZJBKLEER,
A2ORHBGD20H0OH,
AQ3DINQH0WH46,
A1AULGMNH7SO2V,
A45MRF677Z7PX,
A1G56R3VVU6VRE,
A2M7AR6AFHZ62R,
A1NIA6OW0N4LOO,
A3ARZHCCRQRHRA,
A12R85X0ED2JUQ,
A1KEIWYH8085EZ,
A14D2QHC2B1NQN,
A1ZB60L19B5YZT,
ALLPYLE7WAY1L,
A2I8WY04NM1FR,
A1U94C08ZTAYE,
A3827WHBKQQF8T,
ABH3MVCY6IGA9,
A34FMN6PYDDU6V,
AP238VB80KHTC,
A1GNZ4F1S6VTSH,
ATRSMN161M9GU,
AVOF2TL7T400U,
A3DPSWDPSG2LTE,
A3HH9WA1LOMK9P,
A2FYGUHALQQYK8,
AXBDO994983U6,
A2E9OLOQRK7M8T,
A2J7HM7CIZ3CTD,
A17O4CBSO0SKB7,
A3LURPBMK4ZDIR,
A3L7YV2UCQ7ZX,
A2T2Y8FW0NLILV,
A2PZOIS5NOHEA,
A3GFGEY12ATN4G,
AYYB9EFFG2GVA,
A2IW10BPHCYQG2,
A2D3A9A58X5RMZ,
A3GA66GJ70SG7A,
A35PF7XADVB60C,
A2CVC21HIZ1PO7,
AG0MJ41NXPM35,
A2OHAJBHJK2Y3E,
A3SR4T76JKA0QR,
A2FB1KU4IY812V,
A2285KGCYXO71H,
A16D9H9KJCRV1Y,
A2P19WZ6WD2OZK,
AKRUFGYZHI8P1,
A28H72UFHPN9QN,
A2DMIEUMKD3VYD,
A2Z89FDEA8TLZ2,
A1KHY2OJNT409Z,
A33MKXDOOI6T0R,
A2SZCH2I05ZETG,
AK4E5J6IVE11R,
A1KQ79CU1EA754,
AGBK2UBSBV0OR,
A3K5ZI737LDUOG,
APKI65S1D3AHW,
A1XMC5AMIQKVJV,
AXJAR4KM54KVW,
A1FOI078VYL0BP,
A19VPNGSJK19PE,
A396ZSFP8XV4O1,
A1ZKE84PVHR3N9,
AIQMY3PN8ZF9,
A28PWHLR92QPQS,
A27XYPIP5FQUZT,
A2TV0VZJI1ZD33,
A3374Z6CYWF8YK,
A1O8JBGRANCVEO,
AA75INOMAHULX,
A1RFITZDNVIA0T,
A5GI8R9A9IFV3,
A3LEGZWFK44DJ8,
A1VW4D5B59VZQW,
A3VMD3B59TAB85,
AM6TZU9POUAL,
AVYRG8E15WAK7,
A1D6EV5BKMM8OU,
A4BTNUSVHTE0I,
A1EVAE0Q2E2V0K,
A2DO226S09AIEG,
A32AIFEBI1X4MR,
A248P6F309UXRF,
A2F1CMMQ2M7IIQ,
A2575DBNU90OA6,
A10GKM76NOQLGE,
AH7S8WUFHIBIC,
A3HDFRFKJAGS97,
A258GDNRBC6BC1,
A2PV4WPV010BDP,
AWXLQX6FSEZA1,
AHH534KJMCNRF,
AXBF3OLBP9QP6,
A2A6TB2DZ99DB,
A3GDFAUEOR245Y,
A3RUXBGZOQLC1G,
A15UJADUAS68JI,
A29UK7GM2HXMIE,
A2FE974F8E51WC,
A2BYP56Q0QBU1Z,
A2QD105KDRZ46J,
A1XZVQED7H3403,
A3E1969PZ33LO9,
A1LJ2H84ERZ9SA,
A1AM1BP28NQXLF,
AV03O68PRMGJE,
A7FPJ94ABSYM9,
A2V37AQ1VOMBH0,
A3UN53B7B5WV5X,
A27D7TJZTU8B15,
AVWOHZE2VTGVJ,
AQVFWCBC5AXZS,
A3NDJI4IP8ICI9,
A1SJ5LNTEM67RO,
AZYQEFB9Y5N22,
A8QGU7RYBF5VY,
ASWVTM2VOKKLO,
A1QDJA5DFFAL6C,
A1T4QM0WQZ23L9,
A36UQ20T9VVUAW,
A16OJ5ISFFKC34,
ATO4SYWWBB1QX,
A1QV5IH6HDRN0L,
A1RFBE2LHNLHPI,
A2LXAR7KEDFTJ9,
A34YKNAF8ZQF57,
A2EP4HWJ0L6D5H,
A1JZTT5WQU8O26,
AV7TWUEV79X52,
A22V34L77QYLGD,
A3DWLT4X15P9PZ,
A3UQXHI88S7XAX,
APYRY5W5KPXN7,
A11SDECT20DPAB,
A31OFOZ9GET8AN,
A29FXZIZ598FDM,
A3E2GP3Z1EGVQ8,
A2AGYTSVLRSV5X,
A3N2I59UQT85AI,
A1E0IC983BZ9T5,
A3GRZEZMPL515U,
A3LEA0HZFBAFVS,
A2CPYXQY7MN36Q,
A2EK2CJNJUF7OQ,
AOKIUG9H8I8KU,
A2GWNGQF9SHRE4,
A2ENHE4BV0AMQ1,
A3I0LI9N8KSNHG,
ABV67T136UXFQ,
A2EPPFVDAIDQSI,
A1XJSB99WXLB11,
AC1FTP0718XJ2,
A2FGRVS5G82DF3,
A2QYQGE34MQ2KX,
A1RJZQBN9DC492,
A2KI79THZD6NL1,
A3OIXDNDD9AGD4,
A1OCP4Y8GQUQRK,
A10R4813UIW6GH,
A3N8V0AOIXAP6N,
A13UY6KF3KLR48,
AKW9T9A31BEGB,
A1HU9QLNJV9ZED,
A2IAHS4CJDTUVO,
A1KI7I8NRV3SIQ,
AKSKAH1FHICQZ,
A3I1T0KEU8YDBY,
A3VEAEI9YT0GN6,
A1R4UG6BNDBBOL,
A2JIQP1H0N7NO5,
AKWRO5WFQ4I85,
A1ALXIEJWSM3WX,
A10SBRHY5Z8FT3,
A3K0Q7BLOD5P0X,
A3C5QQXTWQQARI,
A1E2DD77GZJWS0,
A35DSJ5BVS8H2A,
A3LSRSY3F7CWPA,
A1EQMKGBI0NK71,
A1DGD9AGZNF6O9,
A29NE7F0K4WO86,
A2MQ9OGYO9PFGM,
AAKT6MS1SVJDT,
A3995A1MLGMSZK,
A2NU51KZVY9J9Z,
A5VR137GUB7JQ,
A33ZO6NTU56R7F,
A1CZJUWPTGMYU1,
A1X5WU8A9F3CGU,
AV7UMGQ691DK1,
A2QOSIWDC04CQE,
AFGSFCRCRTDZW,
A5I24CK8LXFGK,
A1OUIKYDQEFYLD,
A15X79PP60MX8I,
A26VOR2AJIQACH,
A22O1W9O7GZ4HQ,
AHLGH2F0U2J1P,
A3BZHI48MZWE7D,
A2ZOBO61LUU9MX,
AJB6NXJLATQLT,
A2Y03TL0BHT9GP,
A2K3J2X8KDY47N,
A1RZ3K1WJGL4NQ,
A2E3A2RVDKR771,
AFBKNXXLDHAB1,
A3SRKLG52BYLUK,
A3PM6JNMDEVM7E,
A4VK8BMGESPI5,
A1O0DIGKJ86BHF,
A2BLA13SDC5T4,
AMT0DCOCA21RP,
A1JM12YT8HJPIY,
A3JQ6K6HMGJ1UJ,
A1T6PQ4F5BMKLU,
A2M465PCYH4GO,
A285JA5679NN5R,
AI0OVCUJR9OJ7,
A1HOHCNICEHXMS,
AFERMR9RNPIWQ,
A1QWXTY2E1CL1M,
A1W9QAR7P545IC,
A2OABXN4XL95EZ,
A19SYHAYNJ9JVK,
A3UMZJNP10AYSY,
A12VP1FB3XFE3X,
A13H09FTCEJ3DT,
A1DIFU982SVOWN,
A2S5RNR6COYAET,
AY807FN55W64H,
A3FZMX1TWGZBN2,
AV8B99IXQ8Y5P,
AEW1MYAVRF9AV,
A3HLTS6OQ0FSEU,
A1Q9CAJYEXJVI5,
A3CUXT1VPITD3Z,
A3N0MV3L54UYYM,
A197BFZ8BSVSO2,
A32HJYC8GF242S,
A18LPZUN80X919,
A3HRQCE6UXGU6V,
A1IMIQYOBRBG34,
A1VZ46Z02VRPY0,
A3T5G7XZPODEXS,
A2IZAUI0ISLA85,
A2W4RS26XT2O1S,
A3KEZLJ59C1JVH,
AFCD4K00EGXOB,
ALZWGAK15U76X,
A31EM66K6Z68KC,
A3IACAOXMJ4AWJ,
AZLYAJ8XE443K,
A17P9WVPU4V6PN,
AENZH8I66SN2H,
A2JY2G1Y276N9X,
A3L5UVIK1WPW9,
A2KKKT4H1IWSI1,
ABRMU6JBX6RBG,
A3EM0Y7C1USH9C,
A1LI7U7O30ZTS0,
A1R5SZCC41T6BS,
A1OJR3QWWI3SIP,
A1E2DD77GZJWS0,
A27C38RA5ODEPM,
A38ZCQ9QE0M7VJ,
A1CEEKM1DJNJLC,
AQA1M1H49DVEN,
A24N4FKHGD7DWT,
A2EKFM9X9O00QZ,
A25FKNAQ44EIT9,
A18IG4QUWXM3EK,
AEX8R21PA0SIT,
AIF5FN49UOUI2,
A1NUF0VO9F4DA5,
A11KQ5BUQJQQXQ,
A29UKEGELP56OH,
A1DPZHFRQ0QO0L,
A2TBR7OFH9LCJH,
A17922269PBKN0,
A1CX180P3XV2LK,
A2TQ5X2N533FUV,
A36FXHSXME1KHM,
A1PI3FNO5WDWT8,
A30IJLUCHAUVXP,
A1A8S7LLTESNYX,
A3O3J3ZTTBFFZL,
A3D6VUXMZD4MFJ,
A25M5BYKVESDFV,
A2OM0YG07EG46K,
A2FD3OSAUO10KC,
A12712009FURQ7,
A3A36DP9IJPRPF,
A20K1KY98O39AJ,
A1WC62CBNGZ0JO,
AV8NAHORFJ89L,
AHO0EM3FIG4JN,
A3UDBOJWNL60SI,
A35TXO343KBBA3,
A2VLDZ8XJYETY6,
A3DLT0BMEE365A,
A1OCZ3L1AYALDL,
A1YPM4GCO8I1W1,
AOGJ43H5ZZPLM,
A1RD20XYLN12SH,
A35X23L1HE949R,
A3BNGLUQXZ1KKA,
A1KGBY16OOW8B9,
A1FEU7BZ9KIN0G,
A1MFI4ANYE70CO,
A2X84CP4G541QE,
A365JZ3HRICWVD,
A25RLARPMG0V4Q,
A3RQ6QXF6VQ6S6,
ADI3IAXO8EH2E,
A3A1U6WSSNW70X,
A3UMVASITREVNQ,
A3KEZLJ59C1JVH,
A1MNSSE2ITIIGA,
AXNY2ZN9PZ6WT,
A1X8IHGTV6UAUA,
AP8RB98O4BHCI,
A1ZOSGXEP5AB8N,
AR1K8G3CGD1QI,
A1I0KD965AM5Z6,
A39LUXG3UUL7ER,
A1I0UF9XDVW6LS,
A29CP88NRDGHP9,
A2XTKRTDPMCSJH,
A13ZNKJNVW0ZWZ,
A85T1DDMF4OMD,
A37J8XKLNOX2RO,
A1QSOTG7XORCGN,
A15VUTJ9QOJEEI,
A3G7GGKJY868TX,
A2DETKKJK1ZO8F,
A1AAJGGLN1YG5Q,
AUYIPQDAHNOBK,
A3EN8SX1B1Z3IZ,
ADXA5B6FX59W8,
AKJRFNIHPE3EI,
A2SKNJGP1X7IE1,
A1UMLOFY7DN2Z6,
AGZSDV2ZYC7YW,
A3S5CEM6TF7I8S,
A20LSQZJPJHB0H,
A3317L1113QN7O,
A3ABTLXPQP73TB,
A2P2FTA24RAFBA,
A2CB2CNAOCG97W,
A29WP9HRKLQS0D,
A3DXBLP5Q1KRQA,
A3JRZEM49Z26XF,
A2S0G8DCA96BXJ,
A1BIVBZ6OV1SU0,
A3LGXU7YL8RPF0,
AH1Q6CFL3C8TR,
A34Z2ZB23YJ452,
A5IYFBQ25IVN6,
A1T7O0U15G2OXX,
A1VIKBGCPW22YC,
A2U71ZBMQCJ7TC,
A2EDV2NPKN69YM,
A3KOU7EJZX3Z3O,
A3E3ZSEKGWFUGZ,
A2A118C3EOJLL6,
A29DZ36SLTMZOI,
A3Q3PRW1YR3Q3Q,
A36A5S1NI653AQ,
A3EB7LZY4SO8S4,
A2IS0IGSQ79ECX,
A2H8Z04RWXZQ85,
A96GJTT3M3WYU,
A1JB41F8U79KIE,
A1PQ6KU1TUNNGL,
A2UIJN42ZLCW8S,
A9EPRATZ1GW1F,
A32ZIX6JXPJX3O,
A394ODETD69NJP,
A2S6E2EQ2CM7FG,
A1HX1D929O8PJD,
AB24Z8PTNQ33I,
A3CMSS365AM46L,
A1HSQHFM8V63BF,
A2OBFNZFMB8R4F,
A26CIZL1C18YQH,
A1TFQ2STVBDBUT,
AAXLAV096NKIL,
A277CKSB8I4VZW,
A3OMRT3JNDDHU8,
A12229EA9OZZJM,
A2EDAQWOCTY40G,
A1TMM08V2ZX5ST,
AED3WS57LEQ1B,
A1YA6EYCAF3UCE,
A1ESDW5VX6B73Q,
ACC4II22TY40E,
A5UQ7Y4PGN63T,
A46TQBGKSLLY4,
AVMNS3FP7YMU3,
A1F3O7497UYRUV,
A3ULP7B2QOVYRW,
AV910Z21Q4DUR,
A1S0YCERQMTLWX,
A18GFWX5GYOU3F,
A2RAI0BVLV19UH,
AU5FVIIDW0VIF,
ATVBB0P7JPJE7,
A2VAHEBP5LECKG,
A2CYGU98CZQNH5,
A1WVWKP2NO09BZ,
A17XYI0YG5UHW3,
ASDYXS80RUUO0,
A2X7QHR5ZQA0HR,
A3OFKO6HR06L0V,
A3KL8WSLJPSWMR,
AHUQSDM26UH5C,
ATJ6S9R0W10JS,
A3KT64AAQTXIG0,
AMWWXJA8PUX1U,
A1Z6G0LOBCJQB4,
A165V5XOD0LNSR,
A116ITN8WDR1M4,
A1WFDC6D0QXZYQ,
A2SZVB853VZCAP,
A3EA0MI9BVJXBE,
A1LAIQIVHMO1K7,
A19C4WE5N9WJLU,
A3GWYPIMLSRQ7P,
AUHNJA6JGCTBT,
AJDANTTLD8MFD,
A1HCGIOWZR6ANG,
ANJZ5ZHBL3IW7,
A1T6L23XRNG29L,
AJOB6PJUVTRPV,
A1NUFF9K8QS800,
A1GK2INST7GB8R,
A2L8AWOIWML9CH,
ATIRQXBP4EI6A,
A209TMH7LYEQ2E,
A2K0LCQYPQUIJZ,
A2ZJA6MEWOMOJ,
AE1TYBYU5DEO9,
A2OAQJNHIBCZNY,
A3U80NITRNK3H8,
A34I5YAH6R5S46,
A2JIPZOSXOL8Z2,
AQJGHMVO5X1BW,
A37EU510VFU94X,
AN3JGQI2TTRR,
A3UL5IMEIU8LE2,
A1ICCX3BW0LF2U,
A1K0G3T86YMLCN,
ACJFZTWV1JDX4,
AU6KEYBL3TP0W,
A3PYK302AW6T5G,
A1Z2CRE6J1CJTK,
A1FFN2X53EMZNW,
A2WJ1QHYKQLOJH,
A2N20UD9IPYRMT,
A3O3EWC47LHLR0,
A1GEPOLRTX9VK1,
AGFK00WA60WTN,
A34CQ14M1Y6WM0,
A18GH4M4IZF5DG,
A14G2D00311D5G,
A332JM04UGCD99,
A3IV9LLG3264F1,
A5663WRAL9LZ7,
AIGO7WT50WPS8,
A1944K0ACKLRPO,
AHQIFXFV3A8LZ,
AMVOLO7IF3RHO,
A8WDVBE6E7VGK,
A2CD2WAOCV5950,
A2OWDQDHAD8C67,
A3ICTV26DK6IP9,
AHM4FL8ZLPI2R,
A1L484AD92GHD,
A1FK1X14UEHRH2,
A3O8WK0NRXHGOO,
A3SEDTPDP0G66D,
A1KRSGSTBEPW88,
A1HQT5S6EYBZ9Y,
ADWU2VMS20Q9O,
A1CIGI2TSUCYUY,
A2JVOKZG094NU8,
A1J3MJER08S0RE,
A24N38QSNPZFBG,
A3SYPIB569VQ35,
A1PX8KN00QK7NI,
A1E7VFQXWR6PZL,
AAV2LL1CHSS1Z,
A1ANSEIOG2SKSG,
A1TV04CUG2RYUM,
A2MW7SK362PEQC,
AQ9QSP7TSXWMO,
A6Q333B17B8VN,
A2OZ3C4OI1CWIF,
A1S37V71PUP922,
A3AW04VA6I847R,
A3S7MD1Y2P5ZU,
A2DISAAASL95JA,
A3TWAD5ILUNR7M,
A3FLN91OHH4WKM,
A1SLXJ1RQF1BNQ,
A14B8VX7Q3FL30,
AEMXQDJ00L6NW,
A1HCI057NYILM6,
A23303YJ03VIXL,
A1STMW7DCY3SB9,
A2JK23TE1H4BPS,
A334RW0AL6LXIC,
A3KALGW63GCJ50,
A354QYZ9IN2L4Z,
A1W6BXL1DS9AC2,
A1Z2217U6E72RW,
A2LJNGUUHHG0T7,
A5T58X73B299A,
AHA3QV2JX0MS5,
A31Q1BMH0AE52Q,
A18MCI81UN5SA0,
A3SXO9YG5TLTKI,
A3F6DQDDBG280C,
A3SYJB7D8UMZGL,
A37FVYQ42TWAIP,
AO3EOJXASL2KH,
A3VELSUPKZW1OI,
A3V6XH83NM7XCC,
A4FOZ9QE2DHVT,
A17NX3HYUUGR98,
A3LR80PCE3JS0U,
A1THPD9J4BV1ME,
A26THXR69AC6VO,
A6VIJAS6NNKDS,
A7JUF6RQJH8JM,
A1GL5EA1C5HV4I,
A3HQ5QK9B5S2UA,
A2SBS3UHLX3VTO,
A2J9WFBCZ2BXG4,
A5H0JGPPLKTRJ,
AEXT8OH19RD9F,
A6B5BH625L79M,
A1DWO6LM6ZI9TT,
A14ECXQPMH5IAO,
A22ZWGXZBHYLJ5,
A3AG3ZHG78N4M5,
A2RVOYJID9VRWB,
A3MAJQYU3YLDNZ,
AG2M6FTRU871A,
A2QVNVQDMN8475,
A3PY5FBUJIEVN,
AC6GHPEJPZVLL,
A2GWY01R7H21UV,
A1PVXDCN1T3JTE,
A3IJ6N02VJSCHJ,
ANMLUD0CWX6NR,
A1AQ8JT2A3UWMY,
AD3N805TN3RFS,
A39O3YXBO2TX0A,
A39BFQVNCXKIN5,
A3HCAKEKSVETGW,
A29CRATAEI66P5,
AFOW9EGL4S0MA,
AT4BNCVN2ML1D,
ACUHBB2EEXH24,
AMM2UALRN98E7,
A3B7XHS2BE31IQ,
AU52HBFWY5TPL,
A2SZ6M2CCE4IOV,
AFD6YTOPT1YLI,
A1L0ECXCM1ANCV,
A3UL9L5O3EQ4ML,
AYK7P5SSM95DI,
AJ8J3OJ20KCYX,
A3BXTAY7I8K6GG,
A3IZLKAQSMW8GR,
A3T7P7163A1916,
A3TLZJVX40WJOV,
A173ZILP8O5JVU,
A3HJED1VEBE7SR,
A3STYZSWIZ8GN6,
AWVDDTIFJ9D38,
A3U5MEOOBYMK61,
AB48BRXHZ7OVZ,
A28GT8K15D0LIS,
A6B5NN0APZXI6,
A3IUNMPTSAQX5F,
A2GUW72SQ0U2RH,
AAZLLZY13JE0R,
A3ESW3WPPVQTP3,
A3MWXVCR95RPQY,
A2H14Y58BZG4JH,
A35GSMIE08R1S,
A2D7PHQ6ZERRFC,
A29E9RVLGZIUHQ,
A2OQVECX74KQJQ,
A1WWI34WGZTDPS,
A1MVC61AM8T1L,
A3M9JNKO6WG90M,
A78J38NU18DDZ,
A2DM21TBDSISRN,
A3BXOJT66NE07E,
ADZ05LITZYZQ8,
A2GGYHGNWNRDTF,
AGUAADU3HNGP9,
A1D7S273FFUHYJ,
A1E1GFR3WEBKV6,
ANH6Y8UUWAKOW,
A2S92B8TOGCIWF,
A25Q5FLFYVT0K9,
AL89HJRSN6P06,
A2R950V3H7DF4U,
AXPB9JK6DG9DF,
A2AM1CV9L59LSN,
A1RG6W0BXEBST4,
A2FBSNHDOGYASX,
A2XKJ1KX6XUHYP,
A2Z4H7PQHDPUWF,
A3D1X00Y1RDY77,
A1JYB44V9JVXS7,
A1S3LRUL32KQ6V,
A3O2B4UX1R97IO,
AG3JLV1XDL6N,
AK8BMK2J2IOB5,
A1XLKE04XU8BTR,
A2LX8P8G09MYC7,
A3H66JLWADN8IV,
A3CL5FJ3UAUW8S,
A25HPWWLJAMDEJ,
A3U0K46TK0WT3M,
A1IJBHE3MM8Q35,
A3M4PZBDIGEKUB,
A311KGXWZBPUIL,
ABTT6H84FBNS9,
A3CUASJLGFJZYB,
A3TXOC42LK0PDM,
A1IRID4AA6MTIV,
A2DPE7NXS4OQJ9,
A3L0FMG4YBBBIT,
A3SKN8E1EJ84ZW,
AJM9DERT9ZV4I,
A3VR0CEH83GC99,
A36BBDRW9QJOR1,
A3G6USQ0S23TWR,
AYB66VHHXKRQQ,
A2ZR9FQQZXSQT4,
A35X82IY1F5CHZ,
AVVPALZJBKPEO,
AIT4269KMWY4S,
A3BJTQN6T7UYI8,
A1O17U6T8JK0HA,
A23Z3QYNW42QLN,
A1IEPJK2JGVDUK,
A1EX3JLD84STF5,
ADIAFSRTLS7D2,
AKJKOL1UCJNUV,
A1PQINT6WJ78WV,
A6XZM6S2T3CCK,
AABTNLK9VAXXV,
A26ZG5TVUDN5NP,
A18XCWEDZFN7P2,
A3MKZJYTMSIJHM,
A3A5603KICHIFN,
A1FWPNOGNJ8O9A,
A21E9S7EG7YML2,
AYHDKBFFAFEJU,
A1XTSL9WZW301S,
AFERMR9RNPIWQ,
A1KEZ21R9HB37G,
A1H2RD4UOB9FCZ,
A522HDFW2AVWV,
A1KTJVO2QF4O43,
A8EPBIQG3PIC0,
A492CS4B5Y84A,
AK5WXW5K8EU47,
A39ZWMCGVYMZRW,
A3R14060VCWUAD,
A1ZO4PLKAGD9NP,
A1FX61QFERE8YU,
A2VWBE585J5LRT,
A1A03DX9JPURCS,
A9CTWLVZ3QSK3,
A35X42772AH2Z3,
A2KKJXOD3PWGIA,
ACTD54C8DSVIU,
A19JSK4NHQHWY7,
A198Z2C0LE7SP,
A30P09EL7Z8ZGD,
AAGYLJZDWGWVM,
A39GDKGADFO40R,
ANCW2IEN2G28D,
A3LUELTFFICUKN,
A2S9JPUPRFHFOM,
A2J4O74MT63W6G,
ANTE60OYWFE9Q,
AP95DEZ9RWUKY,
A19RLWRU5XOEY7,
A1CPI87CQOASES,
A1OT6N9Y7QPS9T,
AFFPRBZZB89LR,
A3CO07G8QZAFYK,
A330QFH749JPP9,
A3DV41BS0CMIW6,
ACE5OZTM9ZN0O,
A2DGZ80KV6SHJZ,
A3U9L1B1WRUVAQ,
A2D9TG73ZDPA01,
A2Z92KUIQ26RSV,
A2NLH4W7UZ3X0U,
A20KZWGD9SLWBY,
A2JLR04CC75HXY,
A3KBR7D3OLAJQU,
A2CGCATJ3T3VHY,
A3BJ9D80XUSBRF,
APXEDKXJRKDIC,
A32QFJI6912FRB,
AGV44L5H5PGY9,
A3EWQ12TBRK862,
A3G5EQY5XB4MVZ,
A20DHG878IX2OE,
ACRO15EXJ3BL8,
A1C9285DNG9IYK,
A1WJ3KCQF0UJ5O,
A2U71ZBMQCJ7TC,
A3BIF69UA30YH2,
A3RDWQ81CZPW21,
A2UVMZD9I4ZN5G,
A1B6FPO9M39S5A,
A17AYIX9AFQMSD,
A31Y7H14RX21WK,
A2DSLV44VUA973,
A1NT43OVY252O6,
A2CQEBRX5NFCU9,
A1OMG5QVTWI6CI,
A2UU4588O07ZF5,
ATNBFKLILBLZT,
AQ89MBN197X9A,
ABH8QL1115PKH,
A1BYEO1HOH1HGE,
A3PDP421VH59IT,
AHF5QM3W5MN3E,
A2GIPXKZA8FVNZ,
A33MPIK17YGMID,
AE57DC3JY36WK,
A1MFWDE9FWIFOB,
A1JWE384I2QB2F,
ARQMQK1O1WTXK,
A31OCYBGZNSXLF,
AQ2QN4CN7S212,
AWIH8VM122KJF,
ASP4GVFRM4QSH,
A2CSC9IVQ7F8PL,
A38XN2N5U7CNWJ,
A10BZV61MNLBZD,
A1NNUT8ZGGA68F,
A1H3AGKVENVM0P,
A3DMR9FL5H6SJN,
A32ZIX6JXPJX3O,
A3MM61RJR7JFHK,
A3CF6RYTNXF2GD,
A3HEMECQPP0PUL,
AGPV0C0GGJ5GR,
A15Y1AA9DOC9WU,
A3EI8Z8D8S5U2A,
A327WPV0RDLD1C,
A2IO4D1MN67JMZ,
A2ZJFE0SWXF3ZR,
ANYQJGG6ASA04,
A2I9Z332ZO1K74,
A1ZW65OD5BB4S1,
A2PYGYCYB02AHB,
AFJO8C3V0IJ5I,
A1RDCNS8KWWCS5,
A4RYZXVQVA671,
A218S8MS0MSAAE,
AE2YO164FFGDO,
A1RR12WQMUY17Y,
A3VV07X7U50NRN,
A28XK9YLIJHIHC,
A1BF8RO0E3AQHT,
A1M2IY6J0CY6QR,
A1PZ2SGKQ4V0T9,
A35KBPEA7KY3QA,
A3086HK0J95EQ4,
A2VGLCB9HQ9HRC,
AY89CIA780UNY,
ARPZRPIZ8GCM9,
A2RIAWXL2SI60H,
A3RHSOCR587XPO,
A1ZPYAZLYSR1Z0,
A34KPW0IBSL3ZQ,
A13HKMFTCD8OW,
A1J9428E5FP29C,
A3MGHPFOC5P3EM,
AKWBG9H3UN44Z,
A3LZWJIARRIKCM,
A1L4EGOAKVBBEQ,
A2CY6TLJBC4PFS,
A1AD4GFRIIBLTA,
A20J7E4JY49N40,
A68333QQF4G44,
A2QAHT9FICLK0Q,
A350OX58D064PA,
A21YEB2EPF2YTL,
A171U5UOJ3UOYP,
AAFNXYUGM3FFP,
AC656K7PC6P4W,
A6RWTE55YX70O,
A3JAQ2F892PH6I,
A1LPIOFY9V3GD0,
ACC8CUTMSPANM,
A3FZ9Y2VVKKY1W,
A1ZTRSC1OVH0Q5,
A17HOC49U9EXDB,
AJNQTW9HER7HR,
A391OOGZ9TPB5,
A3AH47MTBMTN6,
A3I291BE0RNZCU,
A2203XNPENAF0I,
A270PUZD0N20HR,
A2AWHOVRGF6850,
AIOXPWZTJ733B,
A143NFKHG9LHXI,
A3PTZFRD34YJ2P,
A22E3XFX9YKXDI,
A2IEZVC6ZV2WC4,
A2NQG0GW1HN28T,
A22E3XFX9YKXDI,
A39LXQRVYX1PUI,
AKE25I1E504MF,
A1YNHL97QBYWGA,
A3T3Q3VDIP04AD,
A22VDVIKVHT2W3,
A1IOJZS62CNS5Q,
A1NU1NP9NCY80A,
A2A89JZXX5A411,
A3ESTWDBNOUJQ7,
A3AWLZEPWC0YVC,
A31AJPV2XK30MG,
A525O40Q3XE0L,
ADV2HTNOVCUKT,
AE8EFXZEANERO,
A2TJHFOSMTEGXH,
A2VQW2CU0XL9X1,
A3L0BCY0HS4O81,
A1UVENGUYMZ2M0,
A2SX88CXTM7I9X,
A2CYSK76Z9PS64,
A6VS47YYTAVAZ,
A79XZAX2BD9QP,
A1JGY8MWZLZO9O,
A27PT6AHZDIKW2,
A3AOFSQ8YP9NZH,
A308R2MYZA863G,
A1OYSWV93ZIDKJ,
A35MPGFV1789XV,
A3LBA7I768HW9F,
A1UKZIGR1PQIFB,
ACKIUW9R1FUOH,
A1CVYCKRFS6GZS,
A1PSYKP9BVF2EP,
A3H5QX4DOYOLEF,
A3QKDORRJ9YFDF,
A1RPLQDINY1THZ,
A3V5KAJXUP8U18,
A85G8E6WEI6P,
A2A3X0SA0RI4AM,
A1VUBGAMQ0BDYI,
A1KNDKVKLKUWXX,
A1JABKG8NN4CGA,
A116PL4YWHVXST,
A1RJWUDCZUAW3X,
A2ONPDH1B32GZF,
A1LQUFK4VHJ2OP,
A3AAQOG0VJYDL,
A1DZYFR9UENUT7,
A37KVZ744J6QY3,
A2S9AXNKRSMEA4,
A2HSQUKFX2H6G1,
A22N13TC0BT6XR,
APW4ONSSUPZV2,
ACOIJE2GFKGSE,
A8I9PHTN4ZCIW,
A31CC2H93482N5,
A12BXW0ZBGJQCE,
A3TACJYE15VKFL,
A1913I7ZN2E5RO,
A2Q515RNR0EJ2D,
A27PTDVHM9HJS4,
A374U8M2Q5AH03,
A4QCXE5EZHACV,
A21CRF1CS7EOAB,
A22KF5KPBPD872,
A2RZ6OIC1OGWKB,
A12O5IJUK0EHIU,
A2CNSI51HG6HP3,
A7OVXAH1SSL34,
A2HAW2UKEVXWFK,
A29JE8NKKBBNVJ,
A5AO6BASE4QGJ,
A21S05L5U3WF8Q,
A25X5L2IKZYXBP,
A1645OHG1L9K34,
AW6OQW5OQX3XS,
A1BM7SFYKDAHPQ,
A2831R2JXHLTVR,
A3HG36N99RB5P0,
AU2NSA70IYANM,
A2IEF5DLB4L2K5,
AT1Z8TCLB54UZ,
A36M7Y0OSQLDF8,
A2FNEF2WCVQUD,
A1ED96TJ2ARU8C,
A2MOEW84ZKIC3Q,
A3OBX0VX5W6VFJ,
A2KICC6CY8Z92J,
A30E3IAHISA83K,
A3DL0Z9N93QHO9,
A27ZV913B2QDBC,
A10YGO4UEFQQWK,
A1CD0SL746VX9K,
A2C58G8O40YC7T,
A3VK1AVRGBJJGO,
A8LLTMM3G6ARE,
A20HG060M1DZCG,
A20FFUBMDYP8BI,
A3RYAYNQ7WM8I3,
A32XTAB2LHX120,
A3HPFJWZ2K29YQ,
A3EO78N2M0GPHS,
A1G5FIEA40QCT4,
A22HVOBKJGIWN6,
AEW5YLADIT98X,
A32K7TR3K1I9YH,
A3MAR1FLDY1AMT,
A1TYR5GO9YE60D,
A3OCOP75PMY097,
AS02PGU8BFX2,
A1E89L5LR30QH4,
A2CPTDFIDAA536,
A2SVPKZGB37JQ6,
A1580OALDVB4KI,
A1XXUE59TYZ40F,
A1E9FH1LTN9EOK,
A283R67Y0JHGIJ,
A3N9DXHOBANE41,
A202AV9LAYXS91,
AUQEKYT8NPIP8,
A2FBZWHQ0571HE,
A1RCAVB38E41CR,
A36TAS3LUCRREC,
A22ZYWSVDZ4RSR,
A3H27D3VD4FRG5,
A2GF7ERSS01I4J,
A1TYTVFPQ1RSI6,
A3NDAJRAG0V4VC,
A1MAWMZ51G6C31,
A2VD75KJK21042,
A176SJAGUOJPEW,
A1JDLL3JOQ29FO,
A2XDIOQCALIKSF,
A3M95OVW5AV9HP,
A18GL702BQUCUN,
A2H4S0XUK6THTB,
ATEXXJ0B204OG,
A34FBQ1MC46SIB,
A6U56GIW1E2BZ,
A2ITC28RIRZO01,
A2Q0NYCAXS3R3O,
AI528WX86GBSO,
A3E0B3FO0MQO8Y,
A2TVP1665E3P50,
AF7TH39NK9XW2,
A3V872FKM0NGDF,
A23MK9IBXNTGEZ,
A1AX16ZO9OLDAL,
AQ1VKINMLDC23,
A1J46T03BPIIVW,
A3Q3AJFOYWWKSM,
AES1IUBFXYIYH,
A15PX6TA9LPOXK,
A1Q0T38B54IBDC,
A34LP00HHX74VV,
A2FXFKWBAS78GP,
A1JX9ZQY0EYLB2,
A1COEKPEWT9GPG,
AO1TDWIE0HBH0,
A3TAWEC1RS3MXE,
A21936E2ZRY72J,
A2Q5455Q06P7R1,
A1MKHI0H1W72Y1,
A3AWCLXKTSRH8E,
A13GJE62PDFLKA,
A1JJ3M2CIVALZ8,
AXQDDGADNZNNG,
AHXTPP7JWP9CP,
A1P03ICT7RVVRV,
AOGA7F2ZJ306H,
A1EFZ4JPO69VXA,
A3N3P4LZ3DJAGV,
A2R0ZWBWWQ1E10,
A3FOIXZ31KE40X,
A91SVYF34Q9JW,
A25VT2NCKQC6G5,
A3J0I9RKKUDNQJ,
AGTNZLB8Q1GY9,
A1OT517JFOJ29P,
A3DO98F82TGV8C,
A3N15H18ZSZQM4,
AX5G1RGCO7MYM,
A18T42UKNLV0XK,
AJVR4J4HJIW3X,
A2XKC9SEUSGKQ3,
A3DYVYNT0TBJZU,
AIBXA658NM3J3,
A24MP5QM2LKFM2,
A1RE4JJZADRK5U,
A1Y9I6NPL3UDEM,
A2NJO9QRXY5YMC,
A2VSZ5ZR43KDE8,
A1478JQXLUGIM1,
AGEQF74TX4FVA,
A3RH2V6174H0GQ,
A24J8ETNTV9I67,
AKVJUC5J6A3XO,
AFK98TPZU67RD,
A29YQ3Y5UHRH3M,
A180ZB4RM80E5N,
A3PY3D7XN2BN80,
A2N6ETR8GQUFG4,
A3368QH8WEZLD7,
A2O90ASBUFNO6X,
A1HDXZ7HGOJTHL,
A1B93VD33V6JGK,
A2EYJUIKRQ0ZS4,
A8KH2GTNAGHHC,
A2637P59FJ47VT,
A31WN43FAUCVXY,
AF7UW6L8OIKS7,
A2C2X61WMB0AED,
A3O6CZ0IU4AJSP,
A1B83QH6KBUB52,
A8YSROCX4VFDE,
AEGM8X6US6C0L,
A3A34E5J3I3MJ4,
A1GAMBKLVMBTAC,
A3G639PF0Q8MY9,
A2KABB9MDYJURM,
A2U51Y3662A7JC,
A3I5BLXCZ6QOS9,
A2YN1KASY60IIE,
A1UMVMRKLXJE3A,
A1COBF34FM73LH,
A337PV7JKUR5E6,
A397XQ5IRA1P1C,
A2SR9M2CWC2OCP,
A3V1EVBYP0U77W,
AVJKKAS4P52P9,
A2NQQDBBGFW1OT,
A1OFNEUHZ7BSCB,
A23ZLI2WI8T4,
A15FIB3XHNFU84,
AYD8J958LU3V3,
AN2XNETBIQI3F,
AQWF3BBBDL4QJ,
A3SGAP67HGCJ8K,
A2VMXOLHVQXU33,
A2FQZKL2KIZACO,
A3PFXKSMA4Q9YN,
A3UZZ8SWJG6ULJ,
A30SKTFI7SQ0H7,
A1DNFMJLPZD4WD,
A1UDUG2V3LPMFJ,
AF85PH6IW6IV2,
AQSUNHWTQGRWD,
AE45ZH06YKLI5,
AY4VKPJK1Q68D,
A388D9ORDWKQJZ,
A196KXSYPHF6RL,
A6CJE7TJ4YITG,
A1K94ULTTBSITH,
A1HR68S1Z9PAM1,
A3K0NFYPBOULZZ,
A3T666MUEEYCSS,
A2945G0HLY9TQ3,
A3NY3QBENKY8ZL,
AWST3U1AK5IMY,
A1041053SID37WN8GTT8,
A24HQ0F09U1DTL,
AW5XW2K83ED65,
A11V08KWUI71QA,
AXD5RL083ZVZN,
A2J9469C2BM1P1,
A312RDWQYLAG7S,
A1EYJASK6UL955,
A3TYR1ALBZ2EU9,
A3EEY7PV8EYYB9,
A6Z2FRHEOK0X4,
A2AJH20E99635Z,
A2HLLZS0416HL9,
A2RRAT4W78ZTWU,
AGXAEWGCA1ELN,
A2H10PNRPA3FEA,
A15ACHDXWFAFTX,
A3S25AE2ATYISE,
A2X6VQ6FFRGHUC,
A25R3TZ9PQP2R0,
A2QS079JVW5I9K,
AJ1O3XEN58A6I,
AIE2752ATRAXZ,
A328DZFT07EOO0,
AUYVMLI0CBMYS,
A20LXBXD1S6AWP,
A2H0VDRANZMGGX,
AN6TKRFOXPHDX,
A1QBASCTH01NH7,
A1NZPAUI4UYKZ5,
A10LVIRYVY3EOV,
ACCN76JNB28WT,
A3QNR732UXVH9X,
A36XLW55CRL2C0,
AKVGMSHV40HVL,
A1S3IXNQ2CUGDK,
A2MZDI3I5AEL74,
A1STI3LKR1997Z,
A3CDQTVTXZPKU7,
A2O3PRUSPHXS6D,
A2HY5ASU4LDUMO,
A2R3E4KUE8TDPB,
A36VBDV1HKMIIV,
A3CDQTVTXZPKU7,
A1DPRX8M3DB5YY,
A3RRHJ1WV87V5M,
ATDND5AKC5726,
A13RAFXJ5C7S44,
AQQ04CMDE8AT9,
ACPMKRQ2J368E,
A2XXD40GTPNG43,
A2JZV9PKZSZ5P7,
AXJWZZWCA5RUJ,
A2MR9Q29TQA1CU,
A3A0V8NLPSICL6,
A4UESFWOFFWOQ,
A1YT0OX0JMYRJM,
A3E3UVWILRO8AH,
AY4PXJ9PDETE4,
A2MMOZN2A3PL3K,
A3BMLD4VGMJGJ3,
AWV5DY9OMWN7U,
A3KGHP9D3XFI0U,
A191033US7V9HZ,
A88TYTTYEFM0D,
A1XJX7W7HC35D8,
A1T66OG2NQ835,
A35HE2NIKKQZ4I,
A12Z0KTHJDOEVF,
A274P6R1LKSWEI,
A2GCUM04Q1HRFJ,
A27E67C4AICB0G,
A3SUO3L9WJPD1P,
A3LDW8YQT2SSVX,
A2AAR84OWOG7VG,
A1E214XCAFDGYK,
AW5PSU4WVIRDH,
A2SBSNRJNCS77Y,
A1MPLMZ0LO4BPK,
A14VN4BWV9TX82,
A1278G8H5KUFXE,
A1CI63P473W5RJ,
A8TP7ZJ5LQ02C,
A1UHACT01CA1H4,
A1UO6CE0K38J1R,
A2KZYFPD1VWN0I,
A1F6DUG4PS0M39,
A342606TLG5XPL,
A2FN2TDMWS25XZ,
A1RE3WEOA4HE2C,
A1W975IVTZSKAF,
AJ6OUEGRF8ER,
A1PXANB838QKH9,
A1IYOZVSPKNPFK,
AVWVKEL78SG14,
A25HLKXB2XOUI4,
A16TCWLOEE8OO3,
A684P649QWB0G,
A8ZC7TWGFGUC6,
A2UBFQRBAWAZDV,
A1G1ABVNLY4EQW,
APKXM6D9NZ36T,
AEMV9IMH665B9,
A2MTY49BFM2MJ,
A282DK8I277DAN,
AXSX5T827E9Z8,
A3UR2S3VYR9CM2,
A11L7F86K155WK,
AF92AFPF06THK,
A2HSEX8OTQQPF7,
A2R5YYKVXQ8DFU,
AZ2NZGM095KNF,
A3JMYXR4RIWSH0,
A1WNKB3URF1XM1,
A31OIU5VEARA5W,
AP5QF2RB121OZ,
ACUCPXM522Y2,
AWAL0PG4FPJN0,
A3I6LYIAVLSUQ0,
A63USL7GFARA5,
AT82SDB6Y8H4P,
A2U583VJW1XN83,
A36AIG1G9M00F8,
A3CD658TUTRC4S,
AZUFBU43ILNPC,
A3E5V2196TOCTM,
A2RH4CO0C7BANY,
A30GBW6NS6G0M1,
A2TXS278JHBXZF,
A2B7GTARNV5EMM,
A2OZNTBR05HP9Y,
A1R5TY0LOB53W7,
AA0O2EC4FJQRV,
A2BPIUUZHG6BKE,
A9BPRJ1QJJ17M,
A3I2SIC28LVY8K,
A1CZIRSODR231B,
A1V0BWDPRMWXHL,
A17PVB3HRDWN2B,
A2LNJO11PDYEPL,
A1ATQV8NI4X0VS,
A28DQF01VXVK41,
A9KTCQEF9Y4T6,
ASFQR9ABK7LHZ,
A3R9H6OKZHHRJD,
A35QGS8D3I65NL,
AYOU772H9HUOX,
A2KKVMKCXZNAKP,
A21O2AMH2MD2NU,
A2II54B3VA45LN,
A2W0O92FZFHJOJ,
A2UW0P0WEG9JUP,
ARXL1MF07FKY3,
A13MFKIJ4TDIYR,
A36WH4EDZVPTV5,
AAOVV3X1R8MAX,
A26YF0W7UWO36,
ASLNW5TPXJ6M6,
A1LRHR54H2HNZ5,
A27SHILHXXM850,
A56SD4953MNE7,
A38JXGI57WX6AV,
ACBH8UDYHTSWE,
AYKUBMMJ56IDO,
A28QVC3RK6K1BM,
A36JVL59KG2HH1,
A1S60K49L4ZXSO,
A3JBZQCVY7ODVL,
A2FS3KPY657OKL,
A37APQOUBHLLXK,
A3JMZJRHER71PY,
AODE6ES269D6Q,
A27S9YMNN6RMGK,
A1CJCWROJKLNNW,
A2WMS12BONNA85,
A1WYYIIARL71VP,
A1M5CS3OJJYR1,
A1ZN3JNW7QDAYX,
A3KIVDNNZCPVI5,
ASSSKDII6IPL0,
A37TXLBI53UU72,
AWEQQECZ6ZBHI,
AB363ARR1ANOT,
A329Q47ONZPEKK,
A3DS7L10K3I9L0,
APLY9H6HSDCKW,
A1D16VVFX7MDKA,
A54FAFD3VWDEF,
A1CBC0PM0UP2JO,
AOVBDQVIXDW2E,
A5NVFPP4D82BK,
ADGYHOV058U6V,
A3RS1I72ULUVFC,
A3N5L80QA6SDZ2,
A2F4RURTFWMCCP,
A1QRNVU4FEYIDH,
A1EGCED01USBA9,
A281VHR3ZR99C8,
A83A82072YZNJ,
A3ECZXZNL7BC5,
A2Y6VNNRDPGZT9,
A2WSLBI6HGSKPF,
APX9VVN0JLYX3,
ARVJBPIHRVL26,
A4RL6XMNONZ6U,
A8BFHJQ2MOURP,
A22WBGGMTFBEY2,
AR93Q5VWD8MWS,
A3GU3CXHONZJQ6,
A1A6TQTZBQN2WH,
A5IVS1Y27U35F,
A2B5ENMGBE1ZY0,
A15MHJIC1ZHMA1,
A3BR7XMM9W3SXK,
A1MJ8M4U5RK39I,
A3GUJ77ZNOGF4X,
A35RMU1VDEJRAZ,
A18MA2KOOVU5WL,
A2KPWECAA4894Q,
A2ZZRM68X3NR1E,
A1QJCZXYH1OQPX,
A1VIHU2VN5HJLP,
AGQYTDWVMRTJF,
AASYBLH38I3ZV,
AWD27C3LPPZ38,
A2O6ZDH046MS2X,
A1VAHF5ZB23ZW0,
A21PGFXC7W3UNU,
A35SMP7OI946KM,
A2AB7H5XLA9DOU,
A1AIMY9X24I21F,
A1FED0XVJWSY8R,
A7E3FDY3R7GTO,
A2ZBGN70BC8QKZ,
A3DCX3T7X7TXUL,
ATYY8YPS540TF,
ANOT0CH42XV9J,
A3IC9E9SSEZ7Y0,
A1I9MSTNW6SKSH,
A10O81F46GWKSR,
A1QUYC7ECWM4PQ,
A1594KE3TL0K20,
A35ID2TBM9HU5V,
AVVIR2104Q52A,
A2LH6EK99MMGHX,
A1A2CH1P5JIWY2,
A3CKFOHWL3SDP7,
A2Q4B1O2DRDXL4,
A6Q85ZRASFTKX,
A1AA39TTTQPYEH,
A3EEQ8CMULWZ8S,
A38L4N6J3Z6SRH,
A1W9UG7WASEGKQ,
A380WS6HLKNWVU,
AGLNWHXPL7SB7,
A15VOHCNKUVINS,
A1FDVJSVBNN8VY,
A2FRBJKIXR2TYO,
AFZZT3IKY35IW,
A2PH5VIDM6F7W5,
ADFW3FGCFI7C7,
A86GTS35R5YGG,
A27ZTNAOOODGSZ,
A1U565NS3DEH6O,
A1ZA2JXZ6DV88Y,
A1ZL0FWKHWH678,
A250Y5ZF31QQTE,
AOD5GPJXQ7ZI8,
ANNLH6U8XJ7DU,
A15XLPZ298EZVK,
AMPR3RZ72966I,
A17RSO6OX1PYZU,
A36RO7NCM6IUGB,
A2MFZ8PU2WZ6SK,
A3FA2NBY9PWKLO,
A3HCXW5IOHAF0B,
A1EJMN9YOAXNGW,
A5XMRIVBSZFE3,
A14VKULJR6A6X5,
A2IBM98MY085IM,
A1I0W4XC5W6Z75,
A273OAELYXZHCK,
A3PYMW0LCZUJR6,
A304UETXY9HZ8V,
A1AAM8PM13A4OV,
A283199ZEELHIE,
A3894GE1GCJUJ0,
A3EE2HA5IOXG04,
A1UO6L3L6K26NI,
A1XOABJMEFOK8T,
A21L9YXQY421EB,
A1RIJ4VZZL0JA5,
A349EMMQC26JAP,
A1NO65KN00ASZ3,
A3IMBPNQYEZUWC,
AW2CY29P0QOAD,
A3IQ4VYQ35WNAA,
A2SJ1MQFW3DECN,
ASZ1994J5YW7C,
A1VB04U30PUQTT,
ASUFZ7OCKDM4H,
ADVBXVZ1BZBW1,
ASQGW7OZH7S6A,
A1YPK8J65HEM67,
A3OI4E0C9UJI18,
A8MG8XXX2G4OY,
A1TP6LBH2EW6M3,
A3O4P77WPO07GG,
A2PDFFYCNHH7BZ,
A1FP9BC495YYV7,
A3NKL9R513KQ12,
A24XCELL76SVYM,
A37CBWUK92BK50,
A37J12KIM4LVMN,
A5J34O71LRG5O,
A1JUJ0FKHIMV4V,
A2TTH5I5F1MNM3,
AX6CVBIGKX8YO,
A2BVB4DF25R1N8,
AVDHYVN31D150,
A2GLTXCB38XXEV,
A1M371R7DDZXGO,
A29JLYMCUIQMSQ,
ACRXU5H2263E1,
A1131HW6EM02VV,
AXVKKGBHZIDAA,
APPD5SGXMGNMO,
A1TGM1ULKUXBQI,
A23810YAXUU5II,
A18Z36MYLCE66K,
A11ONQGN02U7TO,
AUWAKNW91XH91,
A1X4DJLTHWAH6M,
AD98QLBGS04GD,
AELPOZS16OJHD,
A2GNEQ77K05ANJ,
A26AE530ZW51YY,
A1BKHBEHSS9NOG,
A1G4TPG6O2XWHF,
AOCWM1T0UVKK0,
A27JHZ3V0NYS2C,
A1CT0CDD30XE9A,
A3U9STFCW2F7UB,
AGHUC7XGWH8VL,
A16N0YPQTZBNV1,
ARSM768JWDFLY,
A26NMR5AI4B2QP,
A3AC4W3BZ1W95O,
A3UUBPOB2CP7VB,
A3E37UGA9MMMBH,
A3OC59LSWZMS2S,
AVG0N5WL6T81,
A2BTJQOO5IE5YS,
A2Y9YD34EAI4AW,
ADSHN2W47QGA0,
A1OVD6VCG9NN35,
A4IFC00P92F96,
A1ZRZGXA5OBPRP,
A1UVVBY9KCOEM9,
ASC3KCIUJOVKB,
A1T9KH7IROAYYX,
A2V9W5R8W1YDFM,
AMI1FXOPTZURJ,
ABJ2TMUJUHA4X,
A2E7PMHB9LLTZP,
A15O7PM5H7FLXE,
A3PBVKRB5NLM41,
A2B4BXTDCNJJBG,
A1ZLYIIL3I6RWD,
AG100XE65TCF7,
A3IKPRZYAEL0UG,
A1LEJV5QYCDGWC,
A1OWPVVWZNFJY,
A2HDJJ26IH96AJ,
A2TSWGTJMZCJG4,
A7VESLRFT4GOR,
A1YIA7GG9L7AA4,
A237SSH93EWQ45,
A2Y2SW9D451C99,
A3C1ULVI4R5VAP,
A1XO9TVN1GUEO0,
A2BS7HJ54KVS1M,
A36M090NGZO9XZ,
A4MH5W3EZLY8V,
ABHJOSSFOFJDZ,
A2GMD5I8PXY627,
AOX2ME6B9XU9X,
A2GYKN6OHO7WX1,
A2OKYWL1GHZ5YM,
ARZH4CQC8D5BQ,
A2IH0O5X0TWT5J,
A203PDAICC4TI0,
A335LBB78UEO0B,
A1QH515KI6S5O,
A3DIYYAEH2UELK,
A3DIHWXO0RYTWA,
A1FI78GTTLX1C5,
A2HR3NGRA4LUX1,
A16P93CTOKUTR,
A1K1RJZ1KSNK4U,
A6733E9MG828G,
A1VNB4E4OJPJCR,
A38EJ2PBI23PBC,
A1K0EKLQXARSEC,
A2AZ3I92WAF70D,
A2JEOSZW5UEE0Z,
AVU2TNP1P4S4U,
ANWTJ4L6SH881,
A2L18X0IFURZ9U,
A3A84BUC6EXCON,
A26SR0NENERI0C,
A13D98Q9RMUMEL,
A25INTWYNEC0ZM,
A11TED1UCBPF3P,
AX73CNIROU5F3,
A2LOXBPQHM8ZSF,
A3FWBRZQB3EK0N,
A2Y2WHZZ33II3M,
A3J4WPS2D920X6,
A2UZYMC3WTN9XT,
A1WWEN9HY0Q2KV,
A3SSG5TJ7QYBE1,
A1SA0TNKZ9M08O,
A1JDUQEKQQU8AV,
A3CAKE6WU8XETG,
A390VT2CKLSSZD,
A31F9FSLHHN16T,
A15SQDXX0VZPY2,
ATT13TASHHZFN,
ATXXE747ABP9S,
A16SS52VCNHOKK,
AAQPPWPSQ1PF1,
A2XYVQ99GSF46B,
A1WOXR3ZK5NLW5,
A2RCYIEI3LYHFX,
A3CI2CUUPM67MU,
A3EY0L5NNRT2UP,
A3FI07A7ACAEEV,
A1NFQVZFI9W737,
A2TUCK71FKKQ82,
AQSU6XCSD7TPV,
A2JV2XY4F4PKYP,
A1ETVZ8YBKAYDI,
A3VYH4I7KUUXYP,
A33ZBWGN7FZM0E,
A1IP3GVQWECB6M,
AJD6V61K4XYHO,
A3OYMA24OCUXY7,
A2GWFNKXW7REGE,
A21F014T3J5S1Y,
A2BVBPCQ44YU0B,
A1ZQVG4DBW871B,
AUKR6LPQHKJWO,
AEYR5WBNUITRZ,
A3T1648FMZ67O3,
A3PCEU7X8M5NJI,
A1VX90JLK99DE5,
A3U8UEQFFCTBH9,
A3IR36XAR1CR5U,
A3UFG79R9YJ0CG,
A1QDSET9J4XII3,
A24254HJD01H1N,
A3U00D7KM84YD6,
AV6823XS14U41,
A32E0SCKOUXRBJ,
A1PV8JJ5KBXGID,
A24S79XZJY25KZ,
A2GYPJKQWX5UCX,
A1THR6QF878XV8,
AYP5XVEDEJ35L,
A3K3Y6Y2X8J3OK,
A391L6RTUX3613,
A3PPJ570YICXAM,
AKGSL1B7A70WW,
A1ZUTY9WV26Q74,
A2DGQFDSZMFJRO,
AS16HHUGL6N5Y,
A223PHG88KHQ6C,
A1H39W8RVKHWY9,
A1VKGFENBUEFE7,
A9ZJUGT7WFO0L,
ALU5VHLUOEETY,
A3EEV0HQ8WC1J6,
A2EGBFPY941PAB,
A1MKSJVR27CTJC,
A1TGR0Z52X7OSA,
A1C8X1EQLXQDHS,
A3F08TKF5W90IV,
A338YZ9Q73IH0Z,
A3V2UMFD5VEMRJ,
A3LYGQHBMBA5GF,
A15WS86ZIPOMVG,
A2FC1XE0YQ38I1,
A2LAZHBNMJW82S,
ABHQ2FEGHFXX9,
AEMUMWECPVIBA,
AXA0GWU06CHOD,
A2K54JRUO8C9O9,
ADBG5W5YBS7UF,
A3330TVKUV7DUE,
A3OV3IJP056EQV,
A3SWDIV1HDWL4J,
A22BS1G9IOXKLL,
A14YC8O0N4EQGP,
A2E9TRM8096BXU,
AERMQTIRK64HH,
AOHNHGYPVZE71,
A196MI4L36C6XE,
A3CE08I36XFPJV,
A3JXKRYKMLH7RR,
A3AACI6O9HQ8HH,
A3VNTS7ZT6OVNR,
AERMQTIRK64HH,
A3HFEYT1MQ3ISX,
A3SWBYK8FVSC3Y,
A1PIEI9OZ2V44X,
A2TQZIM6Z2C8HY,
AQ6J4B5WLGRJ5,
A3B0RDKGPOHS3H,
AUAZWQ8DULN43,
A8N5JHX409RBX,
A249U4UL1B73H4,
A1TVGEIDB9UKGM,
A1263PWBSG31DG,
A1YZWN3RF31KH5,
A94WMDYX093LJ,
A1YS5QST2JD5RQ,
A2LI1C63JDD2VO,
AUJTWBAEKKIWN,
A3J6V6FWETLBDU,
A3QYNBLW04575V,
AGR1ZT8B8NOLF,
A10KCGSDJJAVRO,
A1S5CVH4PZK2YT,
A36VYOTB0SJ5RP,
A393406BCC7A4Y,
A3941IZ7T3VAED,
A2QYBFVQK59GWG,
A3EST3HBIWESET,
AQ97CPL3HC77S,
A3MSBMHPF1T1O4,
A301UTEZ0VBPNB,
A1UHVVGXETGO34,
AB2AQMK9PCWWX,
A1CT3VC2YHL2NC,
A1MQPSRAA0RIRJ,
A32XEUYZ59YG06,
AFPD1P8MVBM8F,
A1GLXVNFP4E64D,
A2LDTL8GJVGKLO,
A1VH71D7N9GHVN,
AX5U3ZYF5SVVU,
AI6S5L1B43QBB,
A1TZ3F0DM42CPB,
A2GAF1MI7YTLXD,
A2PZE7Y78N90L,
A208N6V84IQTPA,
AI49LVQ6240EZ,
A3UMKGUYW0MKBI,
A3DQZI4JLFIPEY,
A27ZIX4Y4A8M65,
AUHINW7C05DFR,
A181JUH50DM5GR,
A2P2FWJLXW6G1T,
A2HV0FOIFHE4AA,
A3E68EBGXTWDNP,
A1CABOE8ASKDU9,
A2VF5FYSCYJOGZ,
A23S7AYIE01CUL,
A3HTU9WJONTPNI,
A4TD1JFG2AK9V,
A10K241CYC03HH,
AV93SQHNZ0UNW,
A2M4YJ7ANBGYKD,
AQ4B80F0JSBNI,
A3RVH6HRC82VR6,
AXUC3MVPBT57K,
A23L2BR07AOBG1,
A2BZMRN7AWZA3G,
A3A2YCJWW7P7D3,
ARBQ1J67023DD,
A2SV0RCIMHUFHL,
A3LR8SZY00IW9Z,
A30AYWMR8P9GO4,
A3PGGPL7FM9F81,
A3U3PA6J2XOVFK,
A2WNY1XO0RSC2X,
A36AH31X84FIC8,
A2VF5FYSCYJOGZ,
A1GFRCL806E7L2,
A172LJIM01ZJO1,
AY9IMIEHMF3CG,
A3DDSAGWD0UN9H,
A3MXLQNVS9G66L,
A16MU2W02NG8A6,
A37MN3E24VWHX0,
A2V44GIL7PGVRC,
A18XELRYWMR80B,
A19OEC82RDPX99,
A3QRSUY72OEMXB,
AXB07WEBGFB4C,
APKT1Y7SKBDGB,
A1SB013WAVCZLL,
A3F4XIQP0PC4UU,
A3OUVL8UBWGZ0Q,
A3C0SJR9CCOHJO,
A1MDBICM8D9T3B,
A1B3M9FMMDZSQZ,
AOO5ZBL9DSVUT,
A3LC0XH2OM92HR,
A31XASR7U1AOSM,
A3M174IC0VXOS2,
A17MY68G90TLEY,
A3OQV8UQDM4GYC,
A3LKWOSKZOMSKQ,
AZUOLPXIGPG5O,
A186E46WCHSJXS,
A3HGSHD8XRG7I2,
A2QMEMRZP5ZMWP,
A1KO1YF1D7VO0O,
A10MHZ7NHBNXT3,
AV02T9FOCEYYM,
A37EIXF2AEH0KV,
A3CGGPIYAMJ1B4,
A65WW4NBN7J9R,
A32EIKHM0DF874,
A3V86D8SKBOU5H,
AP80U3FNXD3X5,
A2TENXNSZ2KKK7,
A29LEQ3L7XN2BF,
A2CSGBSGEGGJF7,
A34ATC8G5DSYVA,
AF929U2N3LQPQ,
A2GWEIZLH6MH35,
A2SL4AM771KUDI,
A3IZ76DR8PNWE9,
A3L3TVJ1L22TRO,
A7SFWNMPMCW4Z,
A1BBP9YRYW7PW7,
A3GTBYX0HUSBDL,
A1KWFEUYY3MJM5,
AZWTXHXZXFAYP,
A1JW3EMSGJA9FH,
A1JZ0Q4YF1EA12,
A2BLTCGU0GOVUR,
A2VWJJWGO3AVIR,
A2YUY2QC0IHQDJ,
A3HU0B9XUEVHIM,
A3VBVES8IYR5ZJ,
A3K51Z8GYTWAEE,
A316T6G5D8ZHGH,
AKRX88EIKCHXU,
A2UODSDEEQZNI3,
A3SS0AKYF0VEQ4,
A2Y21H0032YGU3,
A11AKQFAO9G480,
A3K2EEXCDQKN5Y,
A1UF2K0AQYH430,
A319Y60NW7HS77,
A31U2QT7SAL7K,
A38U2M9OAEJAXJ,
ATXSYDHOILQ47,
A2I3EO5IDNZ47N,
A1B0R6BGX4RJZQ,
A3QS1EPDZTLPWS,
A30AYWMR8P9GO4,
A156MXOF7JB99J,
A17Q4CAZOD6VC9,
AMMR4UB8Q2EH2,
A2OQ8IBWR856Q,
A1Q7QE8BI4D50G,
A1ION4K43WNIC3,
A1ZHXPDD0YF33E,
A35QRTOA6YLJXF,
A2WGAM5I378YHU,
A3PY51HOZOTR9W,
A17216MX43G50E,
A1K7L9Y7IMKJGO,
A2WETFLJM0D6R0,
A22S1QH6GDUE1V,
A1IB96YC5V1JHO,
A7O00S5U9NCMU,
A1LM61OL3JWEIA,
A2UIXU97JYCPZG,
A1WI76267NKAEL,
A294PVV990FBTV,
A2CS77CAOHQV02,
A3E5P7IAWV0T37,
A2O8OE08KQ234C,
A2RN6SSTBW9148,
A3GQRV3U0075RW,
A44SU4QNVUE27,
A1D4PVZ0QWEAW1,
AY06KVFYKQOBS,
A3DBBDHW0PU68U,
A2TKWMX4563NR6,
A3VFT14904CUGV,
A1CBK8E7X6WVAB,
A2MPB1TQC1JJB9,
A13MTM5EH6TOAD,
A2Y9FMJJFJS5BU,
AEV640MKB3I9J,
A18IC0L1HS0IGQ,
A117WZBATXJQ58,
A2BQOLU1OH2LEB,
A6FIAB28IS79,
ASM1HMT2FKIL6,
A3HEM1WWXXLOUL,
A3OSEPZ40AHA4U,
A31CWVNVR0IL9A,
A2PUJ3949R1HT4,
A7PGRV8LBMHNE,
A33GGROUQRQZS,
A12L11Y59Y8Z54,
AT8XDDCSNVTUC,
A4MYIJSQXELKX,
AJM18YFQ7FGVT,
A32Z2HPJI13Y19,
AOLGM1NBBUP12,
AVM6OR01CPJNQ,
A1B4F5FUQHRTCV,
A2C5ZGR9X6R8WP,
A27SADS3XEB5RS,
A1XY755O08NBM0,
ASAKVOT9SBI4P,
A1ISPXMZL1IYSE,
A16NAH39LN211W,
A3W488NZMIW9LD,
A34M18U6T33YDZ,
A1SQZJIRATK95A,
AN2WR1JLFTR1H,
A3O4C1EA1O5SWP,
AY8MX1BFYICXC,
A1UIH6849P0I7M,
A8TWSBLUYJR0U,
AA6W8SL9E452B,
AUJJFBHRFOOL4,
A149N75TZ34CE5,
A3000BO1NNNMFG,
A2036FFQJ5OZMN,
A2AZ7TV5GJ1DWI,
AUJZEJ5KJU6OQ,
A1I5WJT6FAPCTP,
AGTD2VG7OT1DW,
A1EDXQBHPSEB4Z,
A1C7QQRX3801TM,
A3HNG0ULLR1XE3,
A1LO321WCBGT5L,
A3EQ3SRRWKPJ2T,
A2EVBQAN92IEZS,
ATNDGD60R0DCW,
A3N1FSPBNM4M9V,
A3LT093XRZL50O,
AQ2PIEWIJHA5T,
A4Z6911KXSTNR,
A2VOGNBUMXSW13,
APHQQF9BJP75U,
A1N4FNH3CQ4KPV,
A2SPAROS5PSI8X,
A1EFSPUF188P59,
A3UFT6RR1S6DJV,
A1JLX2RHVAIQ3E,
AK8US3KLM035Z,
A22PKZZK5DSONS,
A15NLVC90GEFUI,
A4BRY51ZCZKV8,
AX1567KGMAVLT,
A2JCN0MDP8PODZ,
A1U1ICMAH677G2,
A29UTRQF9WE9VD,
AWK5NF8B04Y02,
A2EC4R7X45QAZ5,
A2F82AIJSDKRPR,
A23PKQ4KAN4AQQ,
A31DGWD9LI42U9,
A2H5MF65C547TZ,
A7JIYPNNQDLB9,
A35JOZRAHO7DJZ,
A2FXSHX21K9Y1I,
AROTTATV0DEXG,
A7YSQA2R80U37,
AQX8T9SFFK43U,
AGWNIR99YVD3G,
A3NRAFDA4S8F0K,
A3CV1FSHKZCNT,
A3NETCR015C9X1,
A3S39M7ZMDL2LN,
A3UPJ2RIUJGGL,
A2CSOA12GATDW9,
A28JPX571CHOD1,
A1K4RMIOL4BIQN,
A1LOO17JCLZG96,
AIULVCUBD4ALA,
A14LB77BCD174Z,
ALIPTG5HJA304,
A2GUYVEHWBDN6E,
A2ZQE4X9GYJMRI,
A1YGP4S9U8XR3S,
A2PQVGMLFUIDNH,
A12E7YLY0TCBBV,
AGSYE6BUY77UN,
A3E9DJFKJIEL3Z,
AWCNH3RJ64H8R,
A24SLCXNBFZARK,
A413OUCHYQNUN,
A1JBQ6NSZZQOJC,
A3NAKNIJ4PO7DV,
A2VJBL63IDS4LY,
A2F98JE6LXNJIA,
A1RGI7QUZ8CWOA,
AW2DNYHZMO5YW,
A1T3ABYVI18545,
A38VDDNZ7A3QM0,
A14HHWWE4QM9XI,
A1JLRTGXL1TM44,
A311D4K7OCZVXO,
A2MBGL5YQJPBFF,
A3IQB0QHVLAK92,
A1EJHCOLC24AL8,
AIBDCIWC061A,
A1VQNEN1483LU2,
A3NF67AK7NEVPN,
A3H5DXCO3FC30T,
ABW30YXF9G5SH,
A1WOZDRK0IC90B,
A2IJK5VLN3Z1JS,
AL0O2QJLGXJQD,
A7VX1LY2RTS22,
A2CHSTCUTAY1P6,
A2E31NZ1A9UKUU,
A1S8KORSO7AL10,
A3JZIWN13OKSN1,
A3K9ZB2PCF2HG4,
A18QDLM82O7FW0,
A1IBFZ2NFTSMNS,
A2X0X13NTPOZN1,
A9AO97W8SU7LU,
A26TZDYB3ID31W,
A3SUQIIKX7ZZA8,
A66XG9X8S7IH,
A38TSFYDIYXIN4,
A1ACH77RG6C8MN,
A129JJXS8E2WMW,
A3DA5PECOXWZT4,
A1STDZVYVR1C2R,
A31F7O5XIV1W9M,
A2L9P8VWAE1T1R,
AC1RJK3LSF4RQ,
A21BRHXUYW69XZ,
A2HFHCEFQZCYCX,
A3IEO2AMQ3LL80,
A1BCQM8K5WZJ1G,
AIQX2510USU1W,
A2AOLV77AF11M2,
A3B1V3AUUV13R6,
A3DDQR5XWQFLRE,
AT8JPRINM298P,
A2KGGVR83EI932,
A10NMELR4KX0J6,
A35UFHVEDU4WLX,
A1R5P3KIIQRZNQ,
A1LHM8LKNTLSS,
A1AI7ZWT4DTE7I,
A1NKZ3KRCQTUZL,
A7P3BSXRN9H1K,
A3SYTEMUMKIBZ5,
A2WSHXJ8EKCWU1,
A2HFUS15A27NW1,
A2KJ0BFB9VIX5V,
AJVLY0MDCU9U2,
A1ORQMSP8PCRU5,
ALJ4BFEQAUGSE,
A296A71U1VSA2J,
A1D94IJBAPKVYV,
A2E6150RHKGSIR,
AK0S77B1KDMO2,
A372GXJWY3TZSN,
A5613JGOJIF6Y,
A2LHCDF0EMI2M3,
A1EUAT9TPFDF51,
A2A8A2U6037MEX,
A2LF9DJ24VWY6O,
A202JQ8K0BNJ21,
A3CFHWR5X06J6G,
A3B7900K4X1AY5,
A1X48MNH0PI613,
A1KD07Z3Q7M4KG,
A2CHOKLWL8WN35,
ABZI4BB2O698V,
A2WLEYILIP7WY,
A32C23FEMZUS60,
A1ADDV9SC8I1IX,
AIAY91YVJCZ8L,
A2YL0TPL5ZCPV3,
A3PPUBDOKD2BW7,
A3BIV9E7O8UGNQ,
A2Q3X5APWNKMTG,
A1M2BJA5NONDWL,
A1M2JTFHREYECK,
A1Y7JW1CPQY2OI,
A2GGO0GUQQY46J,
A2ULYL4G2J39W3,
A28S5E21SHB2H0,
A36LQ698RFJRYP,
A27UAKQX7YEXE4,
A1BLSDVIXLUXCQ,
AJHLSNNOHPHTH,
A392KSBXZHI3DG,
A2TPNMKSIDX5B6,
A3MYP58GETF5BE,
A2D11IIUI3U86X,
A3LNPS7WKX4BQT,
A3QQTY3PTPFLWC,
A1AH82U231EBTS,
ARRVCG5I7PAPS,
A1IY9C8ZSLWIFI,
A1I44L19QROHU8,
A3R4Q2UEPTZPSQ,
A1MS5ZTWCBGIKS,
AMV8HGB8SMHPO,
A5M1M9IJEQ8J2,
A1LO0HTDI69VQR,
A1LX86D2TA4HZD,
AAQJIZKPZN9T4,
A3ETB5MT93U6Y8,
A1ZGEOW56XMWHJ,
A2DVSU6IDVK2JX,
A2FREEMAB4ZY5V,
A1AXXMJQ3NDIFK,
A3M98644VDFE0R,
A12RQG3RX7QU22,
A2NFEYMRFWAN4Z,
A2SQL2ICFAL8RJ,
A2LOTI55H1FK7W,
ALEJU2EOD3TNH,
AAJPPSAUBPKOB,
A39AZLBX13TF3R,
APNS1R2HRMFG8,
A1PVQ3R33H7JKD,
A18B9WP03KPCV9,
A22ME4HA99DCWP,
AV3AUFSA1DXVZ,
ACE1L0KAXAIAE,
A111X94C9SI2B7,
A2753FQC40CNXV,
ATGT9TE8SDMRV,
A34YN77JKMK350,
A100AM334XZS3V,
A12YHDLN37WGSK,
A1QVES55F862D7,
A10FXC2G4J7V6J,
AOVDPZIPPHZ96,
A3HJR639XZ2UF0,
A12P7I0ERXAQNA,
A2SUV7GV7551C8,
AW9SRDY1R7QND,
A3Q9HZ3V19ES4A,
A1Z2MTAV9Z4LN6,
A1JJ7JOOF12SIK,
A230R9ECHI7FKL,
A1A4NYL41O4J1N,
A1T5WAST84RN8J,
A2KC80GSMOOUT,
A16LI3BI2HYF0,
A3U089QQG17V81,
A3VMNS5C72R1PF,
A2LTK05OSWPGPU,
A3V9R23DMOA64R,
AYFRPBTPYWLRC,
A16ZJA9BD2WU0Z,
A2IJL95YRY07FO,
A2ZHIOMFL7J4JA,
A3L6ZW38MFTAU7,
A29S9J2NZ184MS,
A2PF32Y3FXI8OW,
A2RQOO8VYAEZZG,
A2LI8L6O4M0G1K,
A24VYSRAERLES3,
A2O3OQAVVE4WB9,
A2WAHF1LKQKUBG,
ALK5HKRLR0UE1,
AMZ2RNZQTBC4T,
A2MZYQPODPORHX,
A2AJ6CC0OQKE02,
A2FCTL932Y03AD,
A271PMEDZJ4Y5G,
AL7983CKORNUW,
A1FNF1HH518QVL,
A1EY2DVL02ANAV,
A2WTF273IAS71M,
A20JZVKZ548AS4,
A3BUZQM043ZDUC,
A2236T6E8QJFST,
APTR4ORJ6KAES,
A1SW1SOKSSOKG1,
A11LHBL6AUFPN8,
A3O2ZE5VF507AP,
A2KATBO80YJH6Y,
A2OGXNL84WCOHD,
A1M2WX2B7SWVYY,
A3R8SGYGITKEL,
A24HIKF3OQXA42,
AAP69O2LHMMMW,
A1K4G7LQK503GQ,
A1SM4S6Z2HGTJ1,
A3B3OQNN45LP51,
A2GORVNC2HWI5L,
A36AQ8V7UIZTO2,
A34JPN3NEI8Z22,
A1ZG7ZK6FYYRC1,
A25M0LDHW4DR3T,
A2RW8Z0G65Q4Y5,
AUKF88CXJRTFY,
A1EODKOIGPZ4K4,
A1K9LHOWOCYVBZ,
A31SKLCN0NQD3A,
A26869WFGMMZHM,
A3TRFWFBZN3X8A,
A258NDMTLH29RJ,
A31UT88JG5LXEO,
A1GLUA6ZI1DE2U,
AOKYKF57B9MRC,
A2QOAKWOB2THF8,
A4MYLYJ8JT685,
A3DIYTBNPUDZQP,
A32BKFUA52T69B,
A1JEI36OMU1L66,
A6J5VQ77QM0TW,
A3I5627Z7EEK2S,
A3VQBXJIDSFB2X,
A3NDVCBMON0LSI,
AE395H1E1Q7N8,
ABOFL77DK40S1,
A2KS0XOY3WHGL4,
A1YY9HJH9QAOV4,
A1R19YYR5OR26T,
A3D7452O61E1IQ,
A1ICT4ZTQI2LJN,
ANYBOWXHO3S7J,
A5UDQ4BY8GSI8,
ANQQ6LF20ZTVD,
A1TFPRKQPM5ZTE,
A3A1K54RRLZDYL,
AXETJKRX8OH24,
A3J5YZWGP7UUBH,
A38VIXIFA28TH2,
AT5C9ATNCODVH,
A1B89QLQZICCYG,
A20REMI1B8HZPT,
A6ZRYBT0V012M,
A1CYODUHUJ302J,
A20KJMQU155Z39,
AJWAM545X0IOO,
A1JM8HLFSGLGND,
AJ74HY97G2A1C,
A16PZVCYWRED34,
A1IZXWA8RINIKT,
A28L12S9E2M8JU,
AXQUBBKSWKB4G,
A3FZL15B9HUNXF,
A14MOSID5AO1OO,
A30217VIMLVQ15,
A3AENXL80EZIZ9,
A16ITI4RV5NBIX,
A1IA1K5AS3SBE,
AL3F5YDT1M47D,
A18A1XLVITWQBW,
A2MUERGWFQBET9,
AU1D4CRLVPMJZ,
A14K61XOPLXNAA,
A1SODMUDVFQPLZ,
A24UA6W45CJXB,
A2PRB35A5CB53F,
A2O9VS6KBT3NQS,
A16B2OQ6617MVS,
A1NL1Q5UB6CNJ5,
A3MC5UI1FQPTCM,
A3EIWOGLN3AW0H,
A146ONKH57W7KC,
A2W2CCB5MABXXT,
A24WYLCP3OPU41,
A2VSEQXDLZLG4D,
A3CWS4SXR4G7XJ,
A2FYDAY6VMNEXR,
A2S1R98EBL57K5,
ACYVVIU743LCV,
AVBSDBRCF7LK2,
A1FLK4PI97H79V,
A1OUA8LSR8DBXU,
A2K5XH0A91XADM,
A1YGCGQBXQK214,
A3Q25G97R8LYUW,
A3UC6XQ72PN9I7,
AWCXMFOESM9RO,
AH5VE1RJGH8,
AS480UOIJ5Q3H,
A2UJH4LZ6MLNU5,
A2QPKW46MNWEBY,
A3AX525T0F4EU9,
AEWNKFJXJJ4H2,
A1DNSV0PK5JZTI,
A9YASUG7X6FNN,
A217B1KPNISZ3K,
A2MVVZ9VT8KYB5,
A3R9G8OWRXA555,
A2XEGRKQS0P7WF,
A2RSB2D88LDUKD,
A2X7JTXWKJ4OPK,
A3VE40AI6N4NQ,
A20K6MVD6LGXI1,
A2XWQ6TBT7NEI3,
A16KXAWUC851SU,
AA8FQ3Y74LJHJ,
A9JDOM7L4EML9,
A1CW0F5QRKBJUE,
A2CM6RISPR91EU,
ALOTPYDV3UU2A,
A1LSX7ZNQDT14R,
A201V4NXCWLTB0,
A16K2F0NGJSJ7,
A1LP66CACNLM3R,
A1YPAHJLI6BSV0,
A2BWLVUB0806JE,
A22KYU4L7RPKEH,
A27BZHWOTG1ARF,
ACRIAGSZNLUVK,
A1XYQ6H3CGT2H8,
AW2CYR1UFNI1R,
A2MSJDZDWDQIMS,
A1MSLOKD3W9E0B,
AC6S6X3O9MGET,
A2GWBFMQWOEBIR,
A2H9RXGD5Q4ZOW,
A1FW79MF95PIQ1,
A61B0IURMXAR5,
A1UOE29U7Y1Q6H,
AYM4CM1Y5ZIYD,
A2EVZETZNLUD45,
A344M4952B9D8Y,
AFOAOZCG726TN,
A3PZSA5TQFCMTC,
A1Q2N7KLYO5GYJ,
A1V3X6E5SJ4ZL3,
A3OE9XA2RLSJ7X,
A3CU4448KHG57X,
A2A536AF97J8JJ,
AVJESK4CA6KYT,
A27ES7BIDXPDLJ,
A23LRT61H57U1T,
A3B9VRVUCBSC1C,
A2OKAK5JCPJSSQ,
AJE2Q8W1M6V6O,
A1H8AW6A2JQI8Y,
A1DLG8VDEKCEOD,
ABPIYPGX0P424,
A1NEIH01B5X6QL,
A2ZYMV00AIL9UF,
A2O9DPGINZ8KV6,
A27EKYYSB5XC9M,
A1D8I8NSOBWQ1F,
A28MVRT54BMZ91,
A1WSTXBUYCQBN2,
A1KR4DV0CJQGL,
A3MC0ZGAMGEVWQ,
A2AMFW65LLALFI,
A1KPJJ20FY78EA,
AZSY5LHJ6LN7F,
A3NFXFVKDES4DP,
A3I00631S4D23K,
APTEUH4EMOT6F,
A1D3JVE7E61ZBJ,
A3LTR57PPD1ORD,
A2K0SR6ACEL6YG,
A2RCK5FU9Q1HIU,
AN5T6MAD6FC5I,
AYP4261QYTN4A,
A3T2RDFWOJL15W,
A36QHA9LRVFK9S,
A3CGHMZOO79UTN,
A1WKX09PI4I6UR,
A343LFGE2ACYUO,
A1EZWU9EPPC3FX,
A2PBBQFYTP7UTW,
A1MB46M6JL1IYP,
A3B4ICR87W8AQ0,
A220H1HPW0BU20,
A27FA2RZST5PK7,
AQEBQUY5SP79P,
A3JJQWCDIXSC20,
A250L4UKOJ9J0P,
A2YOCK72LWT162,
A13ML9EQL3EEB8,
A1PPYGCSIYSVPT,
A1VE7QN5CUL2WV,
A27ULF55N6RUYD,
A2SQCSV985X8RH,
A1REYI6T6VJHKK,
AANX5Q63HUQBM,
A276EMMZBWV8L4,
A1QJX97W4VNHNN,
A2M9VBV4WYTXGY,
A3VMSM7SLTJA60,
A31KJZ60MD16PJ,
A1MZ456X331WWD,
AKH1FDBKBGOPL,
A3KY37KN7Z5LL9,
A1QMLWOGU6636Q,
A3AT7EM5LX3QGL,
A2H4QDN7BVOK1R,
A3PJHD1NF4E0NE,
A1GQ3SDJB9W4Q0,
A3W3B9PFCM1KI3,
A2G6AAVRYT383H,
A179WAFSRRHF0W,
A375NWH7FYZ8XS,
AXWTUV0JA6RGA,
A20NT17RR9TSW7,
AFJWGGXE0KGUB,
A3L0G5UCRIMZ77,
A2F9N31SC44GAD,
A1IEAGLB6LMSVM,
A3HQHW97NMTCC0,
A3MH3RHE7FSB78,
AZMW54GPQ0WTQ,
A2UNYPL4DDDFR4,
A3AK3QCJI470WT,
A265CA7CZPYQ65,
A1EJS4IAP4NYOL,
A2FJ4KFCULMKCO,
AW4WLW570OPAR,
A1OMTMSIVBTTCQ,
A2OVCJA0FPUSJ4,
A8TMTZFS8K4IB,
A47R808BEVQFM,
A1UV08NK3V1QG5,
A2LLJ9LITBIVYX,
A1OR2WJJ54GGBU,
A23KCUXH0UO617,
A1W0CHSU0O5VUK,
A2CZUD6FNYGGVC,
A1PI6HYOA6JXIB,
A30M14LS4G1I1Z,
A2E8FKPFV98B8T,
A1JPXK38UHUSP7,
A1Q133H4I6X487,
A38MOOVAPLK9UW,
A2CTV1G729IMZP,
A1PWZBYA5SL6JW,
A2VRYIH7OTDZ5K,
AHB6665G6XQ0C,
A2CNIWXEQURT0Z,
A22LRO9O1B6KYC,
A2WYZZJCSY9Q0M,
A1RWCAEPO7Y0PB,
A17VIS234QBKX8,
A2FMUHQLIFV272,
A1NITO6ZU77T0H,
A3FA8721UKRGXY,
A33P51AC1VOGAH,
A26PCFGG88VVME,
AR7UOHIDQCV33,
A3EFWVYUCKSJ3V,
A3GJNXCZROCJSK,
A2GMG2Z4GWGLX1,
A3SQ75GRATQ9KS,
A1A7JZRNGU8OBF,
A1X9QCRXIXE9S8,
A24O2Y2HUZV3PK,
A3L8CQPIQ6YIOK,
A1PY62DPPF1032,
A24WQRFGW4OC7U,
A9033QES9PC3V,
A1ES1LBYII0NC7,
A3B3QLMC1PWXUP,
AOY46WYNHLHE,
A1PQP9GNGZJHRJ,
A3P4KAWS84L1E2,
A1DE9SN7GS9I6B,
ATOCLW3N0A4CT,
A23TJEF8DVM21V,
A1U5WAWSCQLKEW,
A3ENK0W2WLVT81,
A2A40QDK65HHHG,
AYFB95RI4UXA3,
A3KXPMFBA8L8BX,
A2H195CXK4FEFH,
A3KW5ZJKHZHWH2,
A2V8FX7I5K4KWH,
A2A51YULCNXNEX,
ADC5EJ1BC8XGS,
A3E5N3YBLZCU5Q,
A3F4NXTYY7JNKL,
AGQKIQXRLDYV6,
A29H667AI2P67L,
A2JSXGZO423DVY,
ATK25URLOG462,
A2FFZB6U1E5MEP,
A13YUY6XEKZPU2,
AEX6X6W9TI61U,
ABFAO09KLTIFL,
A2COGCYY1OT13I,
A34ZN5M4QN0R0F,
AFOQ4O2KQV4N3,
A13Q6WWE21ROBX,
A239VUTEUPLYB2,
A2DDZQEBHHPWTC,
AP3N98718F91V,
A2FIITBOJ1Q9QX,
A3FBAP4CF2IPA3,
A3MIMSBVMYPU05,
AJS982K1OBDX7,
A3URIS1G20CGRK,
AYFCMX6EMIPKE,
A3D1XWMQD0HTZJ,
AXMOP6II77ZJL,
A3SKS6SUN3VOEF,
A1AJ5FY5E146TX,
A3MY10ZJ8K9DB0,
A1HVUMA1NTVNM5,
A84KDJVQFMBM9,
A25TTFCDOOA08W,
A2YMWQGLJ256QJ,
A1D5K3IUBYFK82,
A32RGYKWON0NAU,
A388S4HLPY7X6G,
A2CMG8M8C8YE5M,
A1RT85ONOB1MEN,
A23WGY2GVNLY1O,
A19NI8X766EYLM,
A2HXXJQX9XD5D7,
A1ERBBXPIIV8B0,
A3GN49KJH4C6B5,
A1INHAT79NIMSX,
A1DH9R8FWPYN8V,
A2WYNZZ4JRHQHC,
A15TL5DGFAFAYB,
A2N7MQVBQX1940,
A2MIR98WECCGT8,
A3OR5LS5EUCOVA,
A374ZM7127ODCT,
A12X0L1DRRRU2P,
A30EYMDAYFDFYF,
A1NDQ56VWA1EPB,
ARTHOP5WV3SE6,
A12E1XEU3ZB4I4,
A13KF9LDDNZCX7,
A160RM1CHF2SJ7,
A33WZC59X4WU7Y,
A2MP7MPWCIR4L3,
A1Y3E83LD71K24,
ARYUQAMG4T1P9,
A3S1TRKDSGZRVK,
A3S187PHXJLV2V,
A2VR6NMFJZ9A27,
A121B1GMDFNLZT,
A2MSDFRAB7B7WU,
A2AGP4YGMFPRSG,
A1ZQX1K0QLDIDY,
A1YZ8KOTNU1BEU,
A1NR53L7WI6YPD,
AOWQ6RMDQTLU3,
A3QHL82QC0J8AT,
AC20FVLSPA4QE,
AMQ84FSNHW0O,
ALQZSMMZCGRYV,
AWTO6NC2Z8S7J,
A7ELSGHQC6RGG,
A1U2F7WXXUR2E7,
A39QRB828RRAOO,
A1WOVQ5ULZ6PRU,
A37H4B5F47XDGQ,
APBWN3K2TFKZI,
A1239BUY3I7NV3,
A1OA7ZKRQH98C8,
A1PIKN7FMF3RA4,
A36NMKDOIYOLC3,
A2OF2ZJLGMKT7I,
A1REEFA6LPV1RH,
A1HNA4D0TCMB3H,
A1BX6RBO1YWT39,
A2F3INNYUSCD14,
A3NJI7UAVKXZT2,
AIZBPOQJIJ85X,
ABL4QP9P1WCP1,
A2F5UTO40QTZRH,
A1Y1LFW0JL245M,
A1JWEGAYRYOA5B,
ALXKVI3UDRBUA,
A282RMI45W63C5,
A1W7284GAEKNLN,
A5B04TL4GNTR,
ANI76N6TQIMJ6,
A1ZEEIHZVC9PWK,
A1Y5I2F8SAKUA4,
A8K2TUWYI1XIN,
AMB2Z4FMDBWQY,
A3G8T476W6CI1R,
A27UJ45P0TMHYS,
A3KZM2HODNZA7L,
A14YVHND668F78,
A21D73NUGGTNEQ,
A1FO7ARN2G2WR8,
A2H6K0UAGVAP8Y,
A2XQLKBYTBQ1HZ,
A2MDYU06CZ97FU,
A2HRHF83I3NDGT,
A1H830VIZ9GEII,
A1KPIHS098IHFI,
AEGOGXA5I8R61,
A2Y04Y6KVB6858,
A11CAWT2FEYX45,
A3DY4CTD4BO447,
A1UI4LV09EWDJ6,
A2FY3B2L3VJW1Z,
A243ECABYQRJS1,
A2HUGCCK1SNY7Z,
A1CB9VOPXM482U,
A3B1V3AUUV13R6,
A1NXPHRVTU9VLS,
A1YT6TA8BRH765,
AAEX8OGYAJIVA,
ANGQECV61UGEJ,
A3HJS0JNYH862A,
A2CZTM7YON2WTS,
A3SAVEJK7F8HD7,
A2M7JSWNY6YW8L,
A6I4WE2UM5LS2,
A1PBHZTMEF65VT,
A102LFZGD4MJXV,
A3E2HO1WTFUH77,
A332T7LVFZZ2O2,
AK5VNINR24TZF,
A1GJQTGM7SC01C,
ADOUR8MMVC169,
A3RA9E64JC7JA5,
A1HIFXTGJ9WLRQ,
A2VAGBTIBWTVUC,
A1H4KINFJFPIX4,
A1LBIWLRLLXA9V,
AF3NIVLL59CSU,
A2R8HH2NX5KSRH,
A295ZS89GH16F7,
AD87DJ7DTP6M5,
A3HW9IH600BGIW,
AFVHCWYLHCWXQ,
A2E8AA70MWGFHP,
A2B50E08FGMRKS,
A3T8IHM0K5F0KF,
A151PQDFFY4KZA,
A14PCZ9HUA1MTC,
A2P99LRDXBF8NF,
A3PIGFRS4LI5JT,
A1K0I11F01GP4B,
A34ZDIQ4WT432U,
A1GHXT1XN6M2X0,
A3JDPZ6BFE038K,
A3T1NXQ6B4IAOC,
A16HX9I5O9Y4Q7,
ARZOGERQ8XM1D,
A3SX71LXZ1AAP0,
A389H99XZRUOWE,
AAJDITQQ8E9PM,
A3AIL09BAX6653,
A2KJYPIXG975I4,
A235ZXG7B63M8A,
A138LUZQ63J70K,
AJPUBKRJXW5EF,
A16LBVRVQQTGXQ,
AWD0QKKRX0K6O,
A3MSKF3FY8TKF4,
A1GLUA6ZI1DE2U,
AFLDLQHPSLAG2,
A1YY9HJH9QAOV4,
A2J5VR1Y5XT8O0,
AZZOFVMQC0BJG,
A12FSTYLV1FGDP,
AK6T4D7C3VCLZ,
A2IKS5CTJTUR5T,
AOAKFCC7HD849,
A1XRC8E5UV705F,
A93DPUPS3Q60Z,
ACXS9HMZ8931M,
A15T15260SN59Z,
A39RAJHWE0D1DL,
ACQRXX81JHYWP,
A3FOXIOBYKKQES,
A3NFU2ML4434LQ,
A1J52YQWR1U1N0,
A3UFZKTX46DD4Q,
A1JTYM1QG6UZAN,
AIBB2UPQXXVLK,
A3R9G8OWRXA555,
A2H6GV80PYTC5W,
A3V13AB6MVJEON,
A3UA6HVOI9GDYJ,
A3JMNJJKU0IWY2,
A2PKYPWM52ZPDR,
A6KOPGXEFFE1A,
A23T1D4AT01RGS,
A3HXFFP094DN9O,
A1IKE7ZVYWZ9C2,
A12JRUHLRWNKYI,
A3CU4448KHG57X,
A2KMC3ONMI85A9,
A1L4KUTQBLFN7E,
A3QU6ISUKVTW6D,
A12AAF59VY9BY,
A3VOND2IXC3VET,
A1QU7P1W80R1VS,
A1E2ZJP9XA5M7J,
A230SZCT46JPWI,
A2N17DAGF2QAIY,
A36RG6G6D4VNOU,
A1KKCW2NUMFROV,
A3QSVYQG1680UB,
A38B6GCD9D85MH,
AKFX214028T5S,
APB5JOVVTVOJ,
AMGM7B3VXL07D,
A13LGWA920HK0S,
A222CH7IMYYY49,
AMYBVJ1JP667H,
AW117UKDS3YCW,
A2R24TET131REV,
A9S6GGVTU5V5U,
A2GU6SSBM9O8SU,
A03099101ZRK4K607JVHH,
AGXNHAFAFMKY8,
A2521UQ8E6NW9N,
A1RRZTAYG12BXS,
AY1EF0GOH80EK,
A20IPBBJW9T4L1,
A1AAVV1DJ5R04I,
A8E2PN8ZCT0D2,
A38EMDLTYCLKEI,
A236RK1YGE7MNP,
A2IW2ROSK1LZY4,
A1IP6PB207P09I,
A1AL2ET14OW736,
A36BFKOE94QTGD,
A121BZ9MYVC6HR,
A2V012MPPOP8A7,
ASJ9TVF1IO81A,
AE5E3IF9WXT9W,
A262KD51E17CKP,
A2ZV872SBSWZOY,
A3F4NXTYY7JNKL,
A1AGZ7J445LD0G,
A34RXT56FSA8F4,
A1CJO2ZBUSEA9W,
A3B0BKNS9UPJQ5,
A2RT2JW33JXEQZ,
A1IBQ7ZLBLYXZ5,
ANQGL3MWVL24C,
A1PCM31C1USLOT,
A2TZI7FXXE64S9,
A34HLW4MIAFHB4,
A2ZUV7CN3LUE2G,
A2OSTWQ5Y775X2,
A2TY932T6RQPMM,
AUL4NAUL3WCAG,
A1S48HMZDXBL0W,
A1J3GRE1O9CR9,
A26ZJZGVUAEDVX,
A1XT20QAU56ETU,
A3U5U9EZIM62TJ,
A2DGXQ2R2QALJP,
A3N80RZX0LUJ9A,
A27GZ9GOM3CI5Q,
A2TH8FF3Y3Q9M,
A17VXFP9HTTY8R,
A2ZOHJ1ERFO04G,
A1BU56TOJSMIS9,
A29JMQBC5QOIWG,
A2L5A2HUWWZ2K2,
A03056581JJIOL5FSKJY7,
A2GV9Q7F5F5OX7,
A1MXL3I0MUJ2FF,
A18ZQ2OLL94GZS,
A311DVN07SZ0Y4,
A3VP53ZJZ4DUH2,
A1WZRQJ6TLNF4V,
A35GRWCGT4K6LI,
A4BIPSVRUXQFM,
A1SB9YY5D6V2KJ,
A2XP5FYEVLQBF5,
ABWX9JXFZULR1,
A2G1FIYE3IQFE4,
A1NHVCFMJNQABI,
A3FP0TZEM4KM7B,
A2D0MBMOUVA4JZ,
A7OL3GPR1JIVY,
A32M4ZTS551WVL,
A1J7CRZ4OJ1T2L,
AD526SECC3I9D,
A2HP3XTRBJH3BV,
A34XJ34R5GTT5O,
A2XJG7OOW3SNNY,
A3AZI828WJN1CD,
A2CXCEV7PFKJN5,
A2N2ROMOXIDPUS,
A3NXYK6JM5MJQ2,
A1IK3U20MSQZLC,
A3W0FTSEESIHZV,
A1BOHPEM99ZHJW,
A3HRO2W73DQZEZ,
A34NUFBS5A2U45,
ACUGBCEADYT6D,
A390NSF8V74P9M,
A37SYXFXVDD93U,
A3LAQBTE6X0RW3,
A2GALYJ5P4WI8A,
AA18FCD10SAC4,
AR98WOWY0JR1Y,
A2I3SN35OH4BE7,
A1VLR0TPVYUABO,
A2THJJ7BIT48EY,
A1ZQSE2XDBFDW7,
A2CT7N5EXYZS4B,
A108V4O9Z78DB5,
AWCX1MPM94R1A,
A3PXOHIAQGE4JQ,
A32ZTY33CHQJVM,
A79ZS4YI5U6XR,
ANBTI0MJY4294,
A2HUSG2RZ4GILW,
AN8H8J1YI8CHO,
A9DFHQOPROZAM,
A1SE40M22EN9GP,
ALBFPFE9KVBW4,
A3IT0K26MMBVIO,
A2TP5VRSHYUH9C,
A14VNXS7M0JO5K,
A2T3408LYTY67A,
A1O59FTQ4XND5J,
A20IJ6KXIF9292,
A1173J5I19DZKT,
A1Q9U5QJXIQDRR,
A2F6AXUR14Z1KB,
A39RI2DJT6WRAO,
AUX67QGZKSHG4,
A3T10YHE66SWEQ,
A18Y4KPDVDMD21,
A26XKILV92KZLZ,
A1H1G0HOP4AQMS,
A1BG1J0MCUPJ5C,
AJB5P7GVR0MT8,
A1GY20Y1Q51PX1,
A2DGTYY80R7ITE,
A21YT9GMYKM981,
AMV9D5D7VOCO6,
A3VU2J7G0U35AU,
AQ04UVRFJO7DO,
A2LAFSVKDQH2XX,
ACK72SEMQXPZ1,
ABRW1PMU0REXZ,
A3UU2ZZFFEKEMO,
A1GTMLD4PDA8CW,
A3JW7Z9VPMHWJ1,
AKDBMU0AIIBZV,
A3QNX5KWHDV0GD,
A3ASVPV0UODRWB,
A2K3A3HA229ZVN,
A1EBFFHOSLTURE,
A2GA87HCNFT8T2,
AUK5DEWLA114R,
A1KE1ZL8ADBHK0,
A28NNAVZOOIUMA,
A3G0AR0EKOMFZD,
A26CTAIVC50RYQ,
AQ2FLZZI3BU01,
AN6MGSKO6M6K9,
AWYHBXM8XE8I8,
A1ZLQ94APPZVN7,
A3SBY5TNANRI07,
A287547UH1VBJ7,
ASXPNU896V9I8,
A69445S3CZCG7,
AAO2VONWWD0J3,
A1KG7TO6U7DW6Q,
AQ5ZKMGL0JQ6L,
A179SV1QKQ699Q,
A1BUH3JUQ1MLOO,
A2S7SL8P5RER12,
A270FGOT53PEYQ,
AF1BNGDNM8B2X,
AU2LR28PW4JST,
A3S7JE29S7X5OH,
AYD70993EU4C5,
A23A7W20957PC4,
A10HN2V1Q5O9QV,
A3D6JULNXMIVU,
A32JQ0JQWZR7O5,
A36AURVF1MJG43,
A3B6ZIAFK3I429,
A20860IIO3Q68G,
A1E0ONY01OSYKT,
ASAH91J4HN8JP,
A1L2C70C3UHE10,
A2NVR2947X7IJT,
A1GD33759KMOP0,
A3TZ83CS0XSMKZ,
A60PQ5OAJYXWQ,
A2HHC17QHLAA7,
A1QHT6R2I45PVW,
A17SBN9I7Y1AF8,
A3BK6ZG5DZ0XMK,
AO5NY9CRE34K8,
A227MR95AGKUK6,
A3N8P7DRS9T3YI,
A1YE3CDNC7TWHL,
A26XQJDB9WQ6NF,
AWXMMC1OP0RIS,
A3S3R88HA0HZG3,
A2UPAZL5WRJ554,
ASPQDSXE8WKZH,
A1UO6BBX26FE8O,
A28VTQIUDXN1ZR,
AE0K9GB8ZGW33,
A3VLTWUT4A6S1S,
A1N8YRKELIG3FA,
A17FGA260LE6TG,
A3B48YOQO83JLW,
AKVTM6K3C2IMU,
A2NR8M80F432O4,
A2MWNZDAH3G8KX,
A1DY201387619G,
A2SX3JU39YE2TP,
A27L2JUCZ42C1B,
A2RM088GD8KKV1,
A37KBMR6K567RP,
A4Y6ZSFYD5P7H,
A3YXVCFQO3R69,
AP8H7IWHZEBHV,
A3Q2Y6TYSCQ0TR,
A6Q7IR1V6Q0CQ,
A2YDZYLRQ17QOM,
A1T1AC1FBFEGGI,
A256PTZP0R81YR,
A2VXSH5UEMBO04,
AD526SECC3I9D,
A1Y39RECFXEGNL,
A2FEXISHUEI1MU,
ACUGBCEADYT6D,
A1LBNRCWN91GV2,
A3T6UOIB6EEO8D,
A846WDDH4YXZF,
A2NR67XWL9RX96,
A3HO2SQDCZIE9S,
AYSE1P0PNZ0EY,
A2TVT03TGAMFL4,
AQP5AO019IAE3,
A2SM2N1X0KL8NN,
A3OCAN2XFZA131,
A2XIRN7AFRKFU5,
A2GSTBLY80M6CU,
A3PT1XDNFXS0I6,
A1Q6MUU0B2ZDQG,
A1RDPDAIRO6JHG,
AKJYKWQPHIYAW,
APBAGNU91M9KF,
A2R353MQZT68Z9,
A1GDVAFPZJHHGE,
A10MES6L5Y8PG9,
A2M9Q65G306XNZ,
A2VS45NBHGX4W,
A16VOWUWAEEI26,
A1LIWT4WMU3RBC,
A1P2FEP4PWBURK,
A35885S1M4WNBC,
A3T7IVHM2TU5B2,
A37IMIZP5EHC6S,
A1VIQTR7EZ8FCT,
A3VU2J7G0U35AU,
A3J9O67SPS3LBP,
AGMHXR63AGCCF,
A3LVC2HBXOYVJZ,
A259MPG6SOL02P,
A1F5J04R05BXZQ,
A3SWQFL74F04XF,
A3WJNBWFGKH4W,
A3RGFU84C0AX7P,
AHMPDT1B7TMSF,
AWGOKRGRG2VEE,
A1ZBGLT267DKJZ,
AEAAEVYCLPZO2,
A2LU29RLYZWE6N,
A2I8RLLWRR1OVF,
ARUVAWT5NLJIW,
ABZFCT0JJKZ5C,
A1CM5NNUYIYTGW,
A1ZG1CX76UDEGY,
A1LR48HRU3LSHF,
A2G19B24Y369V8,
A142UAXE3LS2C2,
A108LMMYNGL89M,
A3DVLR24CVZEX1,
A88AS0J0WCSHQ,
A2OTJCIAB9BY4A,
A2HGMXH5UHPP3U,
A3DNFZF25M7Q1O,
A3TTG7EEV852P7,
A3O0BXK3SZ6FE0,
A1UWAMWVGOURXF,
A7SZKNCJXG64E,
A3W4D4CWUDFU5Q,
A1MIXJLQIVS6QX,
A2PJL3AKWDUZ3D,
ANLC78KTDP9B2,
A3RO1PJ8497L6X,
A24S4LGN1BLCQH,
A1QMJVHB4E1FDH,
A3FQM3P8MQZAPC,
ANJ8KHJ6AZSIP,
A103PIRYKWQKR7,
A2H3TU9X02KSXZ,
AWWD4NM8XPWGU,
A2A9Y25PY0WXOT,
A24YA4ZYCDUIKP,
A2R521SVTD6OPA,
A35NPRM56X67CC,
A2GZ03Q9LUD1IO,
A2YIE9NFV35P0I,
A38VQH6XUHNN8F,
AVHBXZ288JCCP,
A3I402XBXR6YDP,
A94H1IUS5JPNG,
A2SQL0ING2COOS,
A1AM52VG3EEIK2,
A3CN9CCJUNIPKT,
ADPZ5HXP5B3N,
A1YHLUEX5C0ZK3,
AZ2RJS7JU52NV,
A2MAR0DKEW12I,
A3I312N7ISZ960,
A3UOKKOROAGEH9,
A1ZZ5CT3036BS7,
A1M9ENNZL8G94U,
A3RGMC0XTC3U8,
A2PR6NXG0PA3KY,
A239BIP124VPYJ,
A2X06TY0EIBGCY,
A2I2EYCNKPY46G,
AV97I9P7VV4XB,
A2VEFU6B2D1G2U,
A3EZ07RW2J6QV8,
A81EJJCR8W3M7,
A2UNPQIED8UO2O,
A3VGMBNP53TO0I,
A2LMVPPK3ATL4H,
A2YCAPP3KYU0N2,
A26CEJL5AR4U3B,
ADZSDOW8BITQ2,
A3FHTID2031QSN,
A2A5WWS0TSDZPB,
A34E2HBLVBUGL,
A13GKYUGJDSTOG,
AY8G6XJT9HX5V,
AEEJGDRRGLBB1,
A14C5G255WTTXQ,
A30D9LO75EFHMQ,
A21529PPNKTQ0B,
A110S9W5PR0S3D,
A1K6RVS1EVVKWR,
AOJ61EM19NHEA,
A2AXKO4E0P54JK,
A2YKRQS6DBA785,
A11X84NMG7GZ2U,
A2K6LI89NAD2J2,
A3T67KQTP3W38K,
A23FJVRPZMCO2V,
A1RGKA7VY63L01,
A3U94L97E72R0C,
A3V77OX73MYEYM,
A1P9UMP1XSE6MI,
A2IT6RAMCKV5DX,
A2MNBJ25NUUX33,
A3301BNWOITPBX,
A4WX0FZ1MMAUH,
A3RCL85EV9GAH0,
ALRY2PU7UO8J8,
A5XWI3P2HSKVJ,
A1F6AIZ2OVCOYU,
A1WJHTEWPMF7K7,
A1SOYB44PSR5CU,
A13V2SYKWU4HA6,
A1LJ1FHAU0RK8O,
AY39OSMSNJP53,
A2UHBDKIJSX7Y3,
A2SKYZ713JRJ8W,
A1VH90GH0VWG2F,
A19UJX3RXGF7F7,
A1GHVT277TVWVS,
A30TBMP3J581BS,
AHP55PFHJL0H8,
ABB7G6QITSAD,
A2NV423F1ILRFA,
A170CIK9VK7ZI3,
AH92R63UGZNLW,
ASPABROV8R7M5,
A3T4OHEAHOJ700,
A11H9TXYYE9ZPG,
A177XE2WRFJ25L,
A3CJ9P1ULSOEUC,
A20SWCF0JBSAJG,
A3IW8O4BQUUEU4,
A36XX88IE3ABCY,
A37ILQ98DK24YN,
A12AU3CNAWYO5D,
A38D82RMOXCLQT,
A281IBY0A80K36,
A2L8NY0LEULVMO,
AFYY9EPUDL6FN,
A2100AFOHHDWW6,
AWR80FA3IQ633,
A3TQZLWYCQXLCQ,
A1BD30G1P0X8C,
A17WHYZX2UV9D,
A3V128QUKQ2HA4,
A3KB0JNZGR5JT6,
AGZOAJ12IJIF7,
A11QKUJK13I9EU,
A2RUV6V9CWZAA0,
AWWBWAEQ8UUO0,
A1KOAA4OH66198,
A2ZP2U52Y49WXN,
AWN8Q7FYS4G09,
AUV5RQZ5ERKH2,
A2VMR9HQWXKNYE,
A2D9Z3KYLOCKNL,
A2ZABQRNITTRE1,
A17V9XL4CWTQ6G,
A10HA5GQQJH7OI,
A35YV6VI9HRMMJ,
A3AJTNFOR2ZP3B,
AV1KWXEAF2OR4,
A34E8BMMOD3646,
AU9KDZ8P4IE6Q,
A1SFDHJ9GW3GDS,
AW85YPDES93WP,
A158QHPIV8AHYG,
A3MMEX9RYOIIGL,
A1BA21OEWRTR91,
A1LB3NB6L5DT1Y,
A335PA45VWLB71,
A2W80YYEQPSTCJ,
A28LJRZQ2W56C5,
A3CKLLCH0MDTGH,
A1Y0D9V33HYIJ2,
A2D8S39D54Q47I,
AIPHB0Z4NVPTR,
A2X5QDOMVGWFUC,
A1H50FRSG5ZRIJ,
A14QAEJXCSBKF3,
AVO9DK715GQB3,
A9THXQSJHH18F,
ANH4JG0U2ONOH,
A3JVIW9CZXRRIC,
A3QKRKODKBN4Q1,
A2LY8LLDZBJP0K,
A2S6QCNNN8AK91,
A33AQPJYH7UUXR,
A1K1CSHJAJY65E,
A2F7MDE81D9LAH,
AJ0XDD2THAMDW,
A1OZZ99EM30T9H,
A9LO7PJEEADQ,
A3VTK6IF99UWEF,
A2YR1V9QJRC2P1,
A329RR76XDUQ1J,
A21JMECLD2N7I2,
AXPCRCRWVIV6J,
A90UMUUG7DFCU,
A1K617WX5PM2CN,
A29LR9MM12V2Q9,
A3UGUID7S22HF6,
A2328R1DNAZ6OK,
ACI5Y5TR0JKHN,
A3MTEYQFE12CG3,
A15PKZKA0NOHAM,
A2RT3EXUJ8AQX7,
A127FK2DP57F36,
A1NFKGI0UKNOXS,
A2IP5PZ60YJZSQ,
A3DQ53GCZ52B43,
A3QOIDA6B2NIPO,
A28X2NMVBE59U,
A5ZIASKQFIYHP,
A2T0BXKW56SBH9,
A27U05NQJW1LVB,
A2MRAJWJDTZ667,
A3948WFOGWNI4N,
A1G0W78LD1DVYP,
A1NWGP62BZ12UA,
A20JNE2S4ZBHGU,
A22Z6RIB3JTKIG,
ASATDPDW7KE7T,
A1YIO8O6E9N5K4,
A3SVMDTKZBFH6O,
A2AINLLX0560S1,
A1VABLTTKGD2HL,
A2R7YSZJDAEK8G,
A1Q5KZV6P124CC,
A1MQ03X87AW7EX,
A2175D366NW1SS,
A3UVL71PTUYLPP,
A2AGUEMXEVK035,
A12WXOOFLOA6U4,
A3KS1T13KZ63TJ,
A3ZTLNVMDQNBP,
A3A5N8WWYSTF5B,
A2D3H2F628I0HD,
A1SQW9H85UVYNU,
AMKCQTPU6QGQP,
A16QMHXE8G3ATJ,
A3VDXTL39DX7DD,
A94A367TI2WKG,
A2PZ13PO6TK50F,
A38PIOGB03DKFE,
A33DPE7FF34GRB,
ASLB08IF8RMUT,
A2UYSLO34EIHTG,
A2ATRKM0CY0560,
A3V81P16VZJ69Z,
A36ZF7Y1LECK6A,
AZDIZ674B4GVL,
A1YOYOWERFCTIB,
A1KCO8CUAH6RTL,
AP0PUSPXWAP7M,
AHPC1SPKDRT51,
A35ORE0B5HNT2C,
A367VR70S8RJR0,
A3HGHSCKPRN3MW,
A181KUK4FFSK6G,
A3M63Q88UNWTYZ,
A1KE3PZT15LIX7,
A3OVNZOBMVJ17J,
A35X2NAKKUK8VP,
A3FRETJ5O5ZESK,
A2XU8BBAXJ25SP,
A1XUF8O6FUSJH2,
AGSQQOW2GNI7B,
A3GMVIL9OFU1ML,
AR98KN81VATMJ,
A265W4G3KI1E5S,
A3I7BREX2SBR3Y,
A1865OTNYU2PT2,
A2QQYN1G0IWIX2,
AFA0PAKETS4VZ,
A6FEWQP84IR82,
AKB16O2JDND0R,
A2LCM3WUXA2M6Q,
AAKTTVDZ0425F,
A10ZLETF9R3V3V,
AF80F3DDGWMU,
AR7ODCG57VKFT,
A2WPK98G74BE6O,
A2COK5441NNCFO,
A36CMAJY2GW8E6,
AUEKC1Q3CVL7A,
AW1BJOTKCOSLQ,
A13QWPOZNB1EWF,
A2FZKJ76P4FY8V,
A3RRTW6NVOQ8K6,
A1O2GFKLUARQMZ,
A26HWU203QC6U9,
ADJJE5M0TTE9S,
A24KVO184SAFDD,
AF2O5JB8I6DAC,
AFUTF08TQFSGY,
A1BGP51KXPP78,
ABH42NUV98GEC,
A1029IITTU8289,
A2Z7EQRTREHS6S,
A3JL6N1ZQGVHWS,
ADGR3XB512CM1,
A2K451GYH1T40N,
A1OB5KUGW1KMY6,
A1ZIBVOIPBWR3U,
A2VMCYT564YJJ6,
A3RXEJSP3Y10QD,
ABKNXZMRD7AMJ,
A3HOAYRKBMWAGZ,
AYL5UG2HZ3JNK,
A1I9E5JO7XBYIB,
A3VCKPYQXXMAC9,
A17IV1N1MW8NF0,
AAM80EH2K83BA,
A3L08GAGMQR5QL,
A1V7VGY2ICN5R1,
A35XFI5R1FHQHL,
A2AIR3IRAI68U4,
A2C4ID2ER6GJCM,
A13PP2L9YDMCKH,
A1H2M09FY6B9LR,
AQNZ477ZF7VO2,
A20ZWCGXB2J9TO,
A15G2G93VJJBZM,
A1ZNM8881P9MX0,
A2WRUM15PTUMEW,
A1RIPQO5THZQDH,
AJ3V8M4RLAV7D,
AWE2B76N42KQX,
A1JKQ4DJPTQCMD,
A1WEFHX0M48N1C,
A2SFPRV6K9XFTV,
A16Y2LDS6H6ZXR,
A2R7O5YJHMJE39,
A339O8ZW72WHZ0,
AZKWPIG6RXKNG,
A285W83NMJ5W8W,
AXOZV58WZ8V6,
ANEUNEL0977Q7,
A3JVZJ5YM2XFM7,
A2T1NKH5MXMVEA,
A1GKA1SKWSJALC,
A27DNSEA1L04L2,
A17BH0ZOXHDFJJ,
A2PVMT6CMGLLS5,
A2DGK3VPJXWT22,
A2EUN9RZ9V0M25,
A1E6MI2887OYB0,
AR0MBSMA9MCX7,
A3W10PUF6P8IMV,
AVWJMP4PXGVZ1,
A2WKP881EAXC89,
A52SRA3A3WZTK,
ARXQPBDUJJAQU,
A2URX7288UKHQT,
A3JV4N0OSGFM4T,
A3PHEK78LJRZLW,
A29WWUB99YF0YK,
A2D7KO7L45IBBN,
A25JO9HII0RZCL,
A1YSVN7EBQZ5XT,
A1MYVFC0ZJDJMP,
A3N11UK8C3B70,
AB1L241J9240U,
A3RHY6AWAP4NA8,
A37DPEYUBM5HN2,
A29RO0UKX60H7R,
A2ND91CUF4ZVOH,
A2KHKH01L4YK5K,
A1GSOAZM7U6EV1,
A22CW0ZHY3NJH8,
A2DB2CWPRNRQU3,
ACVIPD0OVRTHR,
AR18PHLJDG19R,
A120DNO5ISINR6,
A3RX2NMK3LC1IX,
A3EZL6YFT6EOQT,
A2321NQ9G9WAPM,
A1DS4HRLTI8KI2,
A37894K753YF3J,
AHE9MR2EAZZ3L,
A3GKGG3F404QDF,
A235ZXW80ILN9R,
ABAHRPQTOEP8L,
A3S5QARP3IAMP3,
A2F4S3M6FY93GC,
AHGWIZ9YV8Z85,
AW8P3XIIMRJAM,
A1H4TR8IEA90LI,
A2Z289EI915IOP,
A38WWZWBRBWTV1,
A3M9DSISWS6PWZ,
AYSJCU3AUITYP,
A1YZWOBXXI9110,
A35MP8E1KYUICJ,
A3Q6ZM8B1KHIAO,
A2GQDF7F0JNF5G,
A2KXPB9G0RB0C4,
A1ZPZP2JNWF3YF,
A3ACCVELQ149WV,
A377L3M5WNCP9K,
A2TP1VFBA0WPD9,
A24140NUA6Y6XG,
A1JSYJI32AE894,
A2NF1XO1IIYCD5,
A3T1TMZZNXGONB,
A2OJUHSVEH5HYE,
AWXNJ01KHLU3B,
AETKMPV8I84Q8,
A9JG8QKH3NWFJ,
A22TMKCW1CKYOR,
A2Y9BZ8QACDHN8,
ACZS2WKGDCG8O,
A4M7VCRO858SE,
A2ROSHJ1SUVVWR,
A12BQB408MXVFW,
A3E494XO44QZJ3,
A2FOR1IJSX76LQ,
AMGT9LZYAG45R,
A2KWY332IVIA43,
A2AB9B754KVX4E,
AXYI1BHMVRGSG,
AR6E0GN597SQU,
A2LX2P871TJ2EZ,
A10S5RBYS5AVNW,
ANJ9WACDOZJMN,
A77L8C71G9XMK,
A3EQN15D3E429F,
AJEFGJY8BG3VI,
A27OV6YDLO0U4T,
ASWE9LHS76B7U,
A4NV7E4LLOYON,
A25M2GS0L0AU3T,
A3E7FX6I0T8PCR,
A31H306DB3ODYN,
AK919Q58X5G24,
AUKYZ9WIYJ3S1,
A15HBV2SUVL2OQ,
A1E659U2E7BL6X,
A1GX8QCAMFKWN,
A2DH115JMIURJE,
A4SOY5CTY9W2Q,
A1C1MHGT62KFEM,
AG5AIAEI97S8X,
A1R3CO2XPML10H,
AQRG3K8HA2OB7,
AYV87SNWROGS2,
A3P3MGU8ZD5RJV,
A2YZL24Y1D63ZQ,
A3OQ56DGYSM7NM,
A7XGDXZTQJT2V,
ATWTNXM6WNV5N,
A1JFFG7VZIP12Y,
A2MUHY4G2G0O5I,
A1VN0LUQERNCR1,
AVOUS2U5SC1AJ,
A3O2MO8R2OZS8M,
A1EQL66CVJ80SP,
A3RIHZL1LNM0US,
A1AJA5SWVOX28E,
A367K9QUY0GK4J,
A2XKJ045Z52C2M,
A1X2LENOF84LCQ,
A3UWJUFHWKK89S,
A2DXAR7D68YIRY,
AT67ET6XVBMLO,
A281NPSIMI1C2R,
A13HTFHFEUZVU6,
A2KFQGGTQVDOR9,
AUFOJVHMMTBLF,
AJVMWVSZDZ523,
A2UUDI1ENSKL8O,
A1SIX968W2WNZM,
A32A9YXUECQNF2,
A2G3B0XC8TCR4Z,
A13EE9OCL04Y39,
A217IGXAAGJJCF,
ADE7HX6T8YZZH,
A9D56SGVHEHC5,
A5COP9QBT6VOS,
AHBDW4UCLCXHR,
A2BZF8TC3SJH74,
A181DUB4J165HK,
A22SDRAF3406LT,
AXSYQ7D5HBB81,
A2RLPVSUCPP1FJ,
AIE78BSXR4YLJ,
A2R1UFUXRKZFP,
A2MT8JQXGBZZL3,
AH8OCDRWJIZSB,
A2FV2L8858OFAS,
AB3T3PC5RGUFV,
AKR4J0J5XQLY6,
A8F8QQ28SXHUN,
AUD8HN6LHBT7L,
A31Z44DKGB2SVW,
A2V92L9PIWWFO8,
A24TFMVTT5W91C,
A31H6H88T015GZ,
A2RATH5QG78TYE,
A1GWJ6HPMFXRIN,
A1IU7S4HCK1XK0,
A1OZ4DDKZDSTAN,
AJVC8TTTL7P25,
A2ZJBLREI9YJT4,
A1ZIY9KO6IQ7YW,
A10C03UY4QEHJT,
A351O98I7NPVBV,
A1FTNS27PU2LT0,
AD3M4I3XXU2LL,
A2D36HVNEZHTRC,
ACZJ1B5HTL4NK,
A2CYDCJKZ7F0IO,
A1UXRZVOKLD3V1,
A10Z2KZF69WCKZ,
ABTUNH7645QJL,
A3S9NIEDY3VEDB,
A22JVXSQ7D1CA3,
A1XGC2IHU7ADZQ,
AEP8O4MY43XP4,
A318UGZE7DUQUZ,
A3M0UA9NW5PWBF,
A3I6ES14I83145,
A1W9NA01U3MI2A,
A1HHEH44YX9CY0,
A3IXSPJ92RT3R1,
A1Q7TR7YKT88C1,
A3G89Q91Y2FZ34,
A22AM1KZYC2L9I,
A1VORV8SJ9EGYB,
A1UQB2QJRYGQAZ,
A29AJA3YCTQ20E,
AIMJX6CEVO5JP,
AV5OXKQT2819M,
A1K495CAN10O93,
A3CGS63WQT2WMI,
AERAY6LVU11T8,
A1PLZKQEC205P4,
A3FABNLK6IZX9O,
A3UXYL0HZ5DAU7,
A37WJ9AWRQ3FT,
A312SD92CGZ8G0,
A3JUAOWTYBIL3E,
ALL6Z8FWZ9BV7,
A2Y65ON8SLM3MQ,
A3L1G86KL0U7C4,
AJD901XO8JH3G,
A1KLG8F5APLM2N,
A3QK5V5178C007,
A3D5JBSEKIE5RI,
AK2FWF1YE0W97,
A3AIIBXOIZ3J2O,
A1OVMNNF8AR6GY,
A170MXRYB838I4,
A2G6WDE7VCO8WR,
A3N8ORB2KWGXQS,
A1Z87N2HUYKAEX,
A2EOHGGW1I08RG,
AAOEQ2Y2EZ31Y,
AWCUKEYJFSGVF,
A3VYJ2Z58YJD7H,
A2IMKJEGXTDN2F,
A2QCM3TIRD2B1G,
A3BL767SJZ4586,
AD08RQDB441D,
A1H69LEPFDW7RM,
A3P1BQ4K10NXR0,
A141PWJ1MAMWSK,
A11NVA60AMB3ZW,
A3OT61Z26EX6JS,
A2YMGC9BWKA3UP,
A33KRADPKWHCYQ,
A26IL8X54J2XKF,
A17M09BZ2RPIE2,
A224JNI7A5PMCT,
A3N3MXYTG410ZJ,
A3AFUGTMOKADTR,
AY62MSYT6Q9JF,
A2UE788U2N3QBX,
ATI5A0XB6DSFO,
A2G1L1KWIHNQFI,
A3TX6CWSZL02PW,
A3CGCBDUXU2AMB,
A1D20574QY0HL1,
A1TMOZNICB204U,
ASFYF1N82X68Q,
A21KCOMXLHVBXT,
A32VSTSDEPUBHU,
A3I9FH3EZYULTG,
A3SXC8FZPUFMB,
A1HUAIGRJFNEYG,
A1XGVXW6WOQ63,
A22DC46MPPTGEH,
A281NPSIMI1C2R,
A16C8355SE6P0R,
A3VUD2HDEWR1RA,
A2RBW8VOZIL0S7,
A11CB4DN1DPZZ0,
ACDXNATW5UQ78,
A2D88061B00GGA,
A2NTNLZL8JVNNM,
A1ZPGK6JJP96BF,
A3BNSY02OPUW7F,
AX312A558N5YL,
A3KY2CMX2SZQ94,
A23UTFL1X6915E,
A39ONSNY261F2L,
A2UD2CEVYRJE6P,
A2K2QQU0M93WP2,
A2QBH004WLVFL,
A1QQ9W7CNCCQDU,
A29N1590R33SGK,
A34NLOFJRXXCEO,
A12ICZH44F7WCN,
A2J92I8PSCDFCC,
A3VEROAVSRAMG2,
A1TRI2ODV66PO1,
A3ESMMSBC92X7E,
A250BI36M1IR26,
A1YMZUT3C7WDHE,
A34ZAYTNP67S83,
ACYR6O588USK,
A2FUSIVK955FEY,
A1JNJOIHZ9MLXJ,
A2WQY1B8ZS7QRZ,
AAECAHBNP1VD2,
A1ICQO1S6FM47D,
A2K4UNRJNW87C0,
A3KJ6JAZPH382D,
A2ITL17F8YHF8L,
A3848ZQVQHS5O9,
ACLQUPPCLCSAH,
A1TDEJFPUJI5PL,
A3UB4M0WRPZ0R4,
ACE7OMB5428ID,
A29EADO8SM6VX1,
A28OQOIZ0395VH,
A1FGHL4NG6ULJK,
A936YTW5NJV38,
AVQUFZ8DQY083,
A2WSSKSTKFRLFW,
A3LQWRB2O6HCT6,
AS4IRJ4J48PG0,
A2XKRNRUTCKKC,
A2NLI0SZ0DONSH,
A24R9YHEPA73RE,
A2JNOFYO0BVBGJ,
A16JZP6ZW1S03V,
A3S25L5S9M7IUV,
A3GFKHWRJBJR07,
A1JXH8HXO0VYYT,
A1FXKNE26VONWQ,
A2QPWBMOH0TYLU,
ABLBIUW2Y58C9,
A1U54M3Q7FOGJJ,
A1EA2XBT3U97DR,
A1OOIZ7LR5UO1I,
A17NHZZ2O7VTLD,
A26GQKEKYJBBBR,
A1O8JBGRANCVEO,
AUEZLZETQXR01,
A3T0UNCTJQQL2W,
ASVH2JB5YP1D4,
AHKATBPP30FHM,
A3NEMO3K0I2UDV,
AWANYNFGGX265,
A1WSKQ4V5P22EG,
A1A0BLWDCTJTFA,
A2GPT8ZE1HKWUQ,
A8NSEY791AF5V,
A3CFWBOI4VYNUE,
A3SG7HVLHE7C5L,
AB2WJIYO9V1IZ,
A36B7LHCYQMK5S,
A2CGHNN0YQFQHL,
A15UTKQ2SKKUEU,
ALR5K9J6ZDETK,
AX5LTUX6OSQS,
A2JKWAWZIRL7UD,
A18WE7R54P35OB,
AAF87VABWCAT1,
A3JPBYPB38A35C,
A3VRNVS2ELMR45,
AJIN6FCE15HBB,
AJ7NR31ZL4CBI,
A3S9XIWTT61DKI,
A2A4B6X0LCUR98,
A7FV8M4SWRD04,
A384ZIO9UMXRZA,
AHCVUBLQPGJZ5,
A12TVY6J6BD161,
A3RKRAGR6KNTAV,
A1UFH72JUH7GB7,
A13QGLAV5R77G,
A2A6BO3RKDYBAZ,
AK78LWNKUAG3M,
A3UXNT3N02JMH1,
A3NHXZ8VWLSKVX,
A3NK1OF3S3SRIZ,
AEISHCSO2V8ZP,
A2CYROCBFE8MYP,
A2TZKINYC93L8H,
A3PFMPBCHNS1U9,
A2DG0MT6A0EYXI,
A2EP8VHRRTZSLS,
A1A8CZ1DRE5S6G,
A2REX7EMI0395U,
AS8C53VLKHORQ,
ALIBRGDI6RSW2,
AEM54MPQGH1HP,
A2QE9FT13SXK92,
A2WXVAY473ST5N,
A2F4NX7B49Y8UG,
A19EWCAVMIUYF8,
A26XDAOZFABDKK,
AU2AFP3QJ4JCF,
A2RS7UBG1KE4NW,
A1WIRM21ZXT8BF,
ARGDPRYFGTAVS,
A2IKCC2X8316QI,
A3PLL8UEH88CRT,
A192CA20FF9NZF,
A11WO857PBPFZI,
A2SNUCTEZ4DX6E,
A2T0ZCX162P5GK,
AP6OHEDBWPOWO,
A71MPLS45MWYJ,
A101GN97A47S1P,
A3NVW27KCI41PU,
AZNACMHVBRB5P,
A3FJPDJOCAUYLG,
A1E3QFOIDIZIGI,
A17091PGI79VF6,
AF6EHFR0RBGHT,
A2JU3R4WD74388,
AXB05ZXXHAFAY,
A12LN1UTGCPU4R,
A1VJCR1AJRFJJ7,
A4DIVP0NEQDA3,
A14T66KY8R3NBK,
A9SXEFBYXZWZN,
A3J06BI5P8067P,
AASTA1YE3X9TF,
A26MKCAXHC4UTY,
AFLIU4A1AS7PE,
A2FHQALWJ34SMN,
A1VTITG2D6RROV,
A1E9VB5X00ITY4,
A3Q285VOPHHL9K,
A2JEGR5ASS6OE3,
ADSCDY8LSLTCF,
AU46FXWC16PV6,
A3MDAPUYI24PRD,
A1XFK2Z4WNEPEX,
A1QKMJBT4ESZ6M,
A13YXA8GJL3APL,
AJNYSNW0JWCT4,
A1ZUHGCSGD8ZDN,
A3977OZLNA8LCB,
A18Z7ICRLVHBBP,
A2R3KVL0LUG7AQ,
A3KUQ3M1O3L9DW,
A1EDK3T6KR171Z,
A1JOCA8OSD4ARK,
A2E50C4GOXL0E1,
A2LJBPNVWRCCJI,
A1WGD7XDDNHKCT,
A3ABIIUXLE1K11,
A1XKE246C0PLRG,
A2VQKJHIHMRDJG,
A1MMYUPCUFCVGX,
A2QU8ERO6GMVIJ,
A1YI7X7O22O3CV,
A1PD2IY2BKCMSA,
A28GWNSH8UB4BF,
A29CQKPXG4R98A,
A34I5L6K74OVNJ,
A1PGFBLMUYXCYP,
A2V7YNTGO5WS8X,
A1HEB1RHNOB4HK,
A33YTEPA7MTD51,
A2L66TD9YT3PXQ,
A1N77NQDPJJB2L,
A2ADE503HGB66R,
A2XEI10V0N0IZO,
ANBYFS0SVUZO2,
A24MW5K632MPAW,
A32H1NQVTKY2AL,
A21TWQ5TYTN1UI,
AQDKKTFH5XREM,
A1CB9JJ39HN1UR,
A23FLGGNVYEPQE,
AKMEY1BSHSDG7,
A30IYZQZ6IAIUU,
A1LF695AO479RI,
A17UITLYEIMIHR,
A3Q700NTRTB3VK,
A3T5YODIOU149C,
A2NITRX1FD1J71,
A3ARQNHMHLIN0I,
A1GNYCXWR15YF9,
A28QU1UG32PYNV,
A1T1VYRJ4V6N86,
A3Q8YGI0NDH78K,
AQ1YJJ6YRBG51,
A1LQR3DXY1TO0Q,
A3GZBBHA31R5Z6,
A059547920Q3LZVFHLPI3,
AGJDJLEQHLFIY,
A2ZBZAATNSWEQD,
A6GM8RHB3MM65,
A3JZK8AB6KM19U,
A1XOQU117PKOHN,
A2V1V9I7WITU99,
A2TZLB3VWBQL88,
A2OMKU0S4S08Q0,
A3VCC0LYLD7942,
A3O1FP9VR11UPM,
AYX2LPA4T3PVW,
A10QJVO4NWCL74,
AT67ET6XVBMLO,
ADHSQF2B9369E,
A27G3K2IBCD2DW,
A2OPSXWOGWTBCT,
A3SJACQX6ZS199,
AV67PGGTA683A,
A2TY46IODPRHXJ,
A243P5M8Z9OTRF,
A2QX7AILTSOGL5,
A23IRZULU0UWA9,
A34GQ793OVJW6Q,
A38OB30ESYFNC9,
A1Z3HWWKQ05D1I,
A22W63CNOMQVAG,
A29CFYFOGQIYBD,
AUFME5EY4OBRB,
A3RZDS72H6UHI7,
A2G86H645VCKT5,
A1F7PG3AUKPZZA,
A3ITBDTUDBGPGX,
A18J0F7UQPZG5B,
A2DVCR7ITSBDUR,
A21QXZ3KN6B43Q,
A213J54E63SYOP,
AY6EFQW46SVU2,
A3QDZ7H08BLCJA,
A2URGBJ6XRUTMQ,
A3IDG4E2QYFU1N,
ADD9A0MAQ26P7,
A10G2HJL0VSWET,
A3FAOBO8T88TIT,
A1Y1BX4MQAN6P5,
AOQZ84T71MF85,
A7OAZ34HV3375,
A3ERLAQPAYRSZH,
A3OMIQNQQCKXMV,
A2AJGGC5K4UKM2,
A21TOLI6QZZN72,
AOMA5180T22UG,
A2F09EWKV3MTO2,
A38BYCK64K98TI,
ADMPGWBF0BC9W,
A4EIIO2XXLR61,
A96FRN3LGYUX9,
AEE64QQUQZ5XA,
A1JAPKQGQL4NJZ,
A2CSGH74809T4R,
A19LO3E64KE16X,
A5A9N3HZT14KD,
A1KESASW6X3W0H,
A29B2TOMJOUES3,
A2R3YLEAN2TXOK,
A3RV1PFQ4GP6I6,
A1TKXAHS12VG36,
AXFWFTDCJVF7G,
A2MXVQC1FF4N9I,
A3315AAN855HYG,
A12EYBCZGO4WV7,
AMURMVZ03LPQA,
AHP55PFHJL0H8,
A1D7OVMZI4E4HT,
A1K3W6KT3QSI1C,
A38DHLI8O13I1G,
A3RO2O75BV13OE,
A111FOQAF80K0I,
A1ZYH2WG49X7M7,
A1FD1Y4AJ8ZMW4,
AL084VOAU6E3C,
A3PJDQDSTU64DK,
A2CECLRFH55F8H,
A1S1B0TWZEG4VJ,
ANSCAT5WKMQFX,
A14YCNRQOJXY4W,
A2KWLOBY7GABA0,
A3BPQI2LQ193TT,
A2FN4ABZQRR9GE,
A319F6Y5SBU5YK,
A6EGDGYISKL8J,
A149L4IP4RQ8S9,
AAH8M8ULI36DE,
A3J39RV0LQHXCP,
A344NCKSFJSYZ6,
A1A7U8OF2UR6WL,
AGJXKY9XQ2BD5,
A1O4JB9MAV6VWR,
A1YTT5F75VU1KA,
A2AP3F1U6FEH4K,
A1YMNY2MDFU2VS,
A3KL7ZYG9CWY82,
A1MI5M5LBDBSY9,
A158XRI6AASL6,
A29QZ294D69KDN,
A281NPSIMI1C2R,
A10FEMX3ROQPTD,
A2EK2IAJ4FHTZP,
A31B5614T35TTQ,
A1RK5GJ4M1OWAF,
A2025VSSAC8LE9,
A2U742I37JI26X,
A1XH6NCME860D3,
A20YWBR7BUL8HA,
AYLKQH7LTO8IJ,
AYXDV88FMCOE4,
AX1K0153EVSCV,
A27NNDZTVIHBNU,
A37IRE9GZ0CZ7I,
A2UFXLVH3I78Y4,
A2569HQNP3JZUZ,
AULEC463O7J5P,
A0864963DOAY7LXGS5I6,
A240W3C2Z3WQCQ,
A1MXLD24BV5RZM,
A3C49FTOKS4Z2L,
AOMEM9J74XEXA,
A2JEGR5ASS6OE3,
AOQ4BEAQ449PZ,
A1ZD40E12KQUFX,
A3SSJ9RWOE7DH5,
ASYC956HTVP8M,
ALLNAH3POUIO5,
A2RWLYSV5MR61U,
A2OLY6WU47126W,
A3PJDZ1077S77V,
ATJH66FLSKX2M,
A2TBF646FBB2KM,
A1XJ89LPT3I8PZ,
A3T7SNO0ZP02DE,
A7NYUTDJX5PDX,
A34MVVMOA93ZAZ,
A3GD191LATGLP6,
A3OGIEP1GO7JWC,
A1KHH1042424Y1,
A1NB86VZRY4WO1,
A2QRS4MNEHKZ7C,
A6UADTLMGWMPX,
A3BFDEBT5IV4UN,
A3L2HLERLFJ9SR,
A3V7K5L1134ZO3,
A3LKWVB9JKPDH7,
AOXZ2YMVCUYW6,
A2V5AH5RZFMWFM,
AL5P6IG4WZ57J,
A3DM5WA3IPHU6E,
AU45WEB8B1AQG,
ADY3H934C0IKY,
AN77PPXAFIZY4,
AF49UMPAYLMS8,
A3C6T1060AMN0R,
A2LQ3BQ09XGKFK,
A3TG7B7FLB8E12,
A1CB9JJ39HN1UR,
A43PQ30B5YGG,
AN020YF8L8ITR,
A32FY7W5FX3ZTL,
A1NSL5FNA8ZMB6,
AHKLKGLLMS5R5,
A2T006AT1GONGJ,
A2YS1JM5D903Q9,
A2BIBSJEQR4BYG,
A2RH9M0F8KI83B,
A1YOAHJAQ3KNDZ,
A1L4EIVTYG9N8C,
ATDYCCJ78XOH6,
A205UI18NUPPDE,
A26WTHEICHEIEA,
AYAEHE2NHBJIY,
A2Y99I9G33T8M7,
A1KB4T2JABB3AR,
A39L5J90HAUNYL,
A192XPGJO9R96F,
ASKKAHTFD4XRL,
A3DOI0W2D3722V,
A34QJFS7SQABM,
A27KIA4P0NA500,
A14JXNGHMB0CG9,
A3EX5FFERNDS1B,
A1AI7VXRXSFCP0,
A3BTXKZRQS5ZYR,
ACT8GMZ5T0DRE,
A2FX1WZRO6C00,
AOXOQBSY44N9Q,
A2A7C72Q3RB1KJ,
ALYGX6AKCUC4X,
A1CWVY6UFAVYMB,
A1IJKDO76HEUQY,
A3JJY85ZCNVBLR,
A371O5T61SXMFE,
A1KIDLSD1IEATL,
A3GDG1WH2X5GTQ,
A39EZGVE8HIESM,
A33MCQL5ECAIT3,
AWGD8WG6ZFM83,
A10G0QS2B1S9J2,
A1OTX0MN2SQTDE,
A2DVA0P7SJVIV6,
A2KR6UDU38MPHT,
A1087Y8RJ4D422,
A2G2ZMONO9V66X,
A3ISG188UDVVOZ,
A2YJ2V5H6DLM93,
A1H1TKD3OF7XJO,
AK4BDCKD4ES0I,
AJ4WHRBBOBQLD,
AL5O79CVYKV8K,
A3LULOGRU76IWX,
ASRLBDEFZ0O26,
A3ULKWD2V8223G,
A2OOBPS9DCLRNE,
A3VKOHFLPNAID2,
A18C15RD0KN5W0,
A3HPHCW6NAYEXB,
A2CWX5EX9XJRQO,
A2YQ7SEH627ZG2,
A20JYIHL1W1U54,
A3HWJJQC6FPEHO,
A3QW4RDITOP585,
A17BUXSHOUOP4M,
A3VFYD9K1PI2FJ,
A3KEEI906FKJCY,
A3E6C4CF7C72M2,
A1FWBNM3Z4VXCS,
A1TW2YQ5ZCJ829,
A1CAQLN8E47YI5,
A319PSQTQYLNEY,
A27WKZJBCQEBWO,
A1DEJOWMFEQAH,
A2Z7OI9VY7TJBQ,
AVX7VWYYIYWTG,
AI7ZQ1C9JZP00,
A3VBF1J95ROAYF,
A3S900CSKWQOIV,
A237UQ0FALS07L,
A27622NC5SS4F2,
A3E2TRWRH8SU8X,
A1FX15N76GIR7T,
A1EFFIDFR4ZKAF,
A3EMN2GC9VIFLV,
A4XQ04F3KY20W,
AQDQFGGY24HAW,
A2Y3T5OG19KGF8,
A3A8G44PQ2MU1M,
A1JS9RPSU8GP9M,
A3UUU92VG2BWS2,
A20MY2WRJ2IP7J,
A389MRKK5OXB3Z,
A3HLUZYBO1S49X,
A1K5N7H8MC1NFY,
AZPJ8ZDUN5HY8,
A2ELB3O9QSS7KE,
A1CG5N1KNARJ12,
A359XS7P07JZ2H,
AELNN6NG0AFYN,
A2OHKOK9M1IRDR,
A1I4B8E5JN21O6,
A2ID0ZXQ6X30G9,
A31X4RT3WD2TL6,
A3BCBX51XQ2HAB,
A27WOY7WLPRHUK,
A3GFWSB3VUEG20,
A7K6MC0T45DUL,
A1KSGSD839I98B,
A1CWKAUD2NB7Q6,
A1SVTFP1AAQZBQ,
A3H4H7MQZCQOK3,
A24F9WAKPU66OH,
A1Y2K7MHJCKZO2,
A1TLB22BFUE0IZ,
A3S35UTTDO7605,
A082796624UNM47DSAI6K,
A260YYZR97JYDE,
AOWS1TJF6FBHH,
A1TZOMW6RUQOIA,
A1FZA7OL3ZHNFS,
A16GEC2NR3N6LX,
A2AD2BQLHVHUB9,
AFWE34LDNYC5E,
A1OTY44CPLUYO4,
A2NPNEWEBNIN0D,
A5L3L318Q55FI,
A2GA55P7WGHJCP,
AKPXBA6JY207H,
A6BZBMJRYV4Q4,
A233F9XCM9OVDF,
A35X2JJI49OBZP,
A1R2OVY5YT212T,
A132ETQPMHQ585,
AITPVQ9TKUIZT,
A16QYR6F5YVB7J,
A36C4KS9BNHRKQ,
ALDN6437NXNF6,
A32PNFE3PZVFD0,
A2UA8HHIP4IPSH,
AP3M38TY9MBS0,
A2WTKI7ED7VZZ3,
A1HVBNHRLGMJW3,
A2B7BUH8834Y6M,
A23Q4B6O6E8GZ9,
A2DSYG323A3G8I,
AF0P0C7DOTVX0,
ABYF45CTSSODA,
A2QL3P9YL7T0QC,
AXCRWY3RSE2O3,
A2IO3MD4C59TOV,
AM9G2Y5JZX4CA,
AC17LM1ZZSHDB,
A3UOL5E4DCOOU1,
A2NO6POCFWEBO1,
A2UXH6F3BT22N3,
A26XJK3I2OCTQK,
A1JLUIGTRL4PZ2,
A23PKQZXYT0N55,
A8OC3G7BU0TM9,
A2YXHRKCDBEJKX,
A1TL9QR5R4GPR6,
A2ZQ2REKZXZA2D,
ALHWZSTAELK9I,
A3OFY0TLG11UNA,
A1IMOD9N5DTMU9,
A3KLIWX62NJK3J,
A1204367WRU025,
ATIL30J5ANTSZ,
A3TZ2BZH70DRUI,
A8WKP561GNOO9,
A20X1C7YIW4VEK,
A2LIVUCUBOK916,
A3HYSVDNUK7IUE,
A220LZZX8OWZLS,
A1WNEFUSSJQMK9,
A103QH6R6A4FT1,
A2RXGAVWZSYL3W,
A1WGX9TCD8ACYX,
A3OG3FB61OB233,
A0505229A7NSH3FRXRR4,
A20UUAG15IG0LC,
A2ESMK4PCC1MW6,
A26DG05WFGH2V0,
ABKDI8YOYUYEF,
A241A4XWUJ2TRH,
A22XDMVD49XC3T,
A1DY7I9QE1RCCY,
A45LRAHCJQR1P,
AP2XE878V5BIX,
A175WYGF46RSTV,
A3F8T3BRXRX5P3,
AR4NVSLH85XG7,
ASR83G7LGSMSK,
A2VPQ2EI580320,
A39WKGJG374BOY,
A18E3QANC8DD11,
A3FGLNT67N19KL,
A1BQI9JKLVCIL0,
A1QT9TUA2NN1XZ,
A1ABXQUUD14OBW,
A19EX8NKV7JV1X,
A2XD4CAGLG83XO,
A3ILPPZ9RBE1U3,
A1IGL4P8P19B9,
A1G1PAOHXZASBE,
A3RHPCKV4NS9AH,
A1K5DUV1L52MUD,
A1VHDCZLVGW384,
AQBLXHQ7O3H37,
A2B7BUH8834Y6M,
A3KEAW51GONK7F,
A1KM06XE57P8U,
A216ED2OHDQM1N,
A1OYYSYZXEQ5TN,
A2T95JFC0OJOGL,
A1N5ZJSX0F0YW2,
AC1U4QK4QNK0E,
A1VR3AUXR1950S,
A2E116KWOZ5BBG,
A32PRGH4GFPHUF,
A1ZHJZCNL7O908,
AHJ5XU6HQUWC5,
AR4EHM8NGG8RH,
ABAPINTPQVPOV,
A1ZWDMU2JKJ5NQ,
A26RLX83JWWDKC,
A17L09QCJ3IYIM,
A1DB4U8ISVULVE,
AY070AIMHDDWN,
A2Z68ZGUAFR515,
ARLDNMWNGHY8V,
A3T31WAPYXTBEB,
A11S4HD8AZU94P,
A17R1VNZFXRHKB,
A1WFAZKJQC8F6U,
AC8NTXYRR7EN5,
A2W7HHNPVALAYS,
A1JKKLFA3GCRGS,
A5LJ9YPU335K,
A3GWXU2FHZSYLB,
AV5KLC57NXKAR,
A3V3YFBLXRD7JW,
A7FT395MF3O7U,
A2U4EKO760STXS,
AEWIK13GF1KQF,
A1UKETKHKCWAFC,
AXHBJ2HA38D26,
A1DTYHO4IJITJO,
A2VGUGH1CRKQML,
A1QR2EWSC5KVGO,
A1LNISCJBDOHXW,
AE7PYA671MR4T,
A3D3ALS3WKRZCE,
A1TTINRXLQ57ZS,
A276F0UGQZXJKB,
A1G2MRWS7Y24IV,
ASMJLUH5U56JR,
AY8VC9FOS1WOK,
AZN3PS2PIZV06,
A3K11Q3E2LIWUE,
A2FG3P7W37X8AA,
A19JX0MFYLUWNV,
A3IH93DOTHTV5M,
AV5JLFN77TH8I,
A18L3BPH38PACC,
A1F6OKR4IDY2NU,
A3AWP2D3235H3M,
A13RZ6U7JHXZ19,
AT0XTQFCVIVTG,
A1LFCPQ8OPZZP1,
A2E75GY7SNQPXS,
A1FBPP0UTI9NOB,
A9HOKI2NN0FKB,
A1SDFNKHWIFM5X,
A1Y7O12XJ7QBPM,
A3D71OFOGTHTIX,
A3D5OTRVNXEVNJ,
A6XKKBAG5ES2E,
A1DQPY2AUGNTGX,
AGU58I7CG0ZBL,
A1S3X639N9CL44,
A2DWDN1ROBGCMR,
APZ62Y51L6X1G,
A1V1EH0NUUSK1W,
A3V6TRRXG57N6I,
A3OPGY5P95922L,
A2FWNPPP1D87ZT,
A16VIMLJUQF9K,
A1K7UDDBSU7I28,
A7KCPPBRRWTPQ,
A28N92BTFXKGWS,
ATJN4KEHJBOC8,
A1OJ6E8RLF67XU,
A24R6HMAOZF18R,
A26712XE0OLA1M,
A7ICW9T21PTWO,
A3HK5V7PLZQIHD,
A2W6CT3R4QZFYU,
A2WXNXUNDKMXQE,
A4Y0VI944E35D,
A2K7QAF0JH6CQ,
A21P8RKP4HRO1W,
A26XKHQSJXO967,
A33USONZGGII4G,
A2FMBU930GNLM,
A2V9VDWQU5I94K,
ADRCK0SM25NNO,
A3RIDZ09A6SBOK,
A316Y6HARBPWSO,
A156JFPM4NFHXE,
A3MW7BWUWP2T2U,
A63VLGT3Y1F0Y,
A36ZJ62RHBQREU,
A1CHAWNRCD8XMT,
A12DFG9SNVC3FK,
APV9BNRF2F5IN,
A1AMMF9AW55RR7,
AASZ8T3STOKFG,
A3HK7KUXRJSWFY,
A144FC3L4I0B2X,
A25O43WE6T1CUG,
A22GVJ5PX4KTAK,
A1I3GDJA2YPD6D,
A22ILFPN641P39,
A2KD4YZ0VRYXZ,
A2LKLHFZFWO5FG,
AAEMCKW45A74Z,
A2M6E9ZVS5EJLX,
AA5SEMTXVAHL,
A2WPG79Q6VDYVM,
A1N2UYZX7URAQB,
A2KA3AOQTHTHM3,
A2TTXK6032YOJN,
A1RJHX15TFV9PK,
A2CJJEJPROE3MB,
A2OCIDUCEMVVHL,
A1NEC6QDG0X168,
A2SIOVG5SSZR19,
A11PK2MO25K5QW,
A97PDY186A1A3,
A3HMHYG4TIXUM7,
A3PJKET5DCAR6P,
A3SACPT3TO506A,
A46FSLZEYQBSE,
A7TXG0WLA4TA6,
ANYO85J1K7ZF8,
A9419F2N03T5B,
A1UVWPGNPY3SHY,
AR33T0KGFAYHD,
A30B9UTVDTUQ7Y,
A3535VH4JDX2WY,
A7IJZNR7E8M65,
A2P031RI1ZR3UU,
ASK5QZTWJZWOH,
A1OUTMCYPF3SC0,
A27XIPFRNZLTCW,
A1H5OLSWT615A1,
AG3UF7CPUX94J,
A1HBTW5M7ZZ9PT,
A3S8QGY5DXRU07,
AD2CQR90DGH05,
A12HWGYUXVOFWK,
A2B7IYLCNXIJXY,
A26RWQLUB4GKW9,
A1TY3JT3KDGXL6,
A1GAPDLUR4E2RG,
ASK58VAX7P82N,
AIZTRDF2W7J0G,
A3F2LXW44LYPOK,
A2LVKOM2KDO8UL,
ANRDGXYJYADE8,
A36XIYLD6AP4VC,
A1ZXWTYY6MW5KY,
A346OKJN1DJLIJ,
A3NK023333QPPU,
A2QOYBTXOL39JC,
A263E8JYWMRP5V,
A16W6R5DBU1H5R,
A1X1NVSNYHVDFH,
A2U7ZE7123GXYE,
A19VUWVJXAFN9T,
ARMT8ZKTGU1H8,
A2TQJCRKWSZO3T,
A2ZYSM7C8TD4A9,
ALM4B40AXX2W,
AL8ZF90AV74MN,
A1BPD4LST1MZZI,
AHQXZ227V5JYH,
AYZ45FNZR9715,
A8EJUIKZG3IYA,
A3553BIJI4SNMO,
A3M1NLTNWIGWCX,
A3BFQNTLBAXKVR,
A2X7IVRYVNAMLJ,
A3JEH9YP91C6DV,
A3NQ4I621D6A3X,
A192DTB623HWTS,
A29WW4KRVJTAQC,
A263E8JYWMRP5V,
AAV5ZUIX37B08,
A1HEOG9JH9S1H0,
A1RL9O90Z5K5WD,
ARNK0HGNZ3H6F,
A3C8FE9LOJ9I7R,
A1BYMKR6E2EXEJ,
A1BIW4U725614,
A37IRE9GZ0CZ7I,
AFKRLJDY3SHE4,
A2KTFTRTY0ONWF,
A22M541ALFE0MP,
A2Q8YI0LH3T62T,
A2IECF15SR0QEF,
A26YITJE94S4G3,
A27GY2QOQHP5MR,
ALPP6ZCUZ60DV,
A3JJ9KC0I1ST02,
AT5RZCC7J0IKS,
A2CKYSO9LSYBRJ,
AG5O3NCURAIH,
A1P1H4LFTQ4A2K,
A17X6N8US6WBA0,
A2M41812CG4O19,
ABKRB2OMAZ4IO,
ASKMJ7S03W58X,
A5YJF0SIV4YNO,
AETROVQG0TT50,
A3ORSXDMGX21O0,
A3159KYGGXT6G7,
A2SE5EJ7B6Z8NP,
A2YLM0ODOY6SB7,
A2FPJG4OZMWT4Q,
A17SOYY3QMNAX2,
AR02NBTB8YV4A,
A39ULNFL84RCKV,
A35JO0W04PYWHK,
A37Z6DBWNWSLSH,
A2E5K48KCMVPIX,
A1D7BE64YN2U66,
A19SHD6M0XVRJB,
AYS3K9K5W2QP3,
A3HJ0K1UGWIFDB,
A2D9NOGRPB8DFG,
A1WT3IOH4KN8T,
A3QKRN51ZC0NIY,
A37EVC20LFVNZ1,
A1L43KWWR05PCS,
A1WHXP7HNMV17M,
AUDVZ6FZFSX4F,
A3Q8Q82J6GPEK0,
A3D5QIJ1WQOY4A,
A2V4GJOT6MKI5H,
A1CLWRUDZDFR33,
A13QVE6RCEFJGX,
A2T4PF3X3MC0VC,
ADLVFFE4VBT8,
A17OS3OZ12OE84,
A3FOP2MEK38S47,
A1AS6P63VSUF5R,
A37XABKIM6ZFP0,
A2823NUWUHXMJM,
AQLC6MEHBD8W5,
A1I92SYJD5QION,
A2ONK5XJYPTCH6,
A2NYXXZM0XUG39,
A2JA8T456A0H6J,
A2XEK4AXVIWNWG,
A1HS7HGV3IFI5X,
A2R8HRC3RI4POL,
A39IRJCTZRC80U,
A2YIR97OVJHATT,
A2W9H5MH9PH6ZO,
AAJK2542MNB9L,
A3J2VEVL9JXD4W,
A28XWNWJGRX7P2,
A1AKIHYFDW0QL7,
ARF6NZ2PH6MCB,
A1FBQ0MLDLKKZ9,
A26MI2FJFBZ8UF,
A3QYE2ORU1W7U0,
A27JXM8ZI1T8FP,
A3VLUF4EXDNZA,
A19HWWIMM4EHCQ,
A3OOH075IVTPI6,
A3EO2KVYIFE303,
A1M8GLS479A6FS,
A289A48N8AQDW2,
A2NR683Y06DHPM,
AIZ6SRPWP0IC0,
A3F87GM6BWLN9P,
A2RFTPD24JTKQ3,
A2EUPZBSSZ8U0F,
A22RHUY40UQ9MR,
A11YSZW8CJI006,
AKYRX9NHIVJR8,
A317DX659987U9,
A3LC7UFWJ7PPG0,
A1WHSW2F0T1MLO,
A2GWFIHB1RGX,
A2TZEBKTPOAU9I,
A1TNHIG68W5UZW,
A18VY3GT43RJKK,
A2CYKCZQPG7O5Z,
A1FTMQ2WRLBGC,
A1W78WZ098LHDH,
A1WKH3HS843N8F,
A18VR0K9U0KVL9,
A3KB58OXM7J81T,
A1ZGTAAKA0X91N,
AVWB509139HQJ,
A3TKX2XBEQ9UQL,
A2Z5DGCLDAVHMF,
A2SPUNKFQGPH9V,
A24X8P2TG2AR02,
A33G7JYH0ZT2I2,
